,season,yr,mnth,holiday,weekday,workingday,weathersit,temp,atemp,hum,windspeed,casual,registered,cnt
0,0,0,1,0,6,0,2,14.110847,18.18125,80.5833,10.749882,16.39782015107092,267.555884884105,505.99673132235455
1,0,0,1,0,0,0,2,14.902598,17.68695,69.6087,16.652113,11.472436698466694,273.03513549002855,421.08883225764333
2,0,0,1,0,1,1,1,8.050924,9.47025,43.7273,16.636703,11.076034853721117,453.922955604971,668.9739176608826
3,0,0,1,0,2,1,1,8.2,10.6061,59.0435,10.739832,10.613969754365213,522.5149244899186,761.93601348974
4,0,0,1,0,3,1,1,9.305237,11.4635,43.6957,12.5223,9.475537124796562,541.6949468848785,778.3635478152057
5,0,0,1,0,4,1,1,8.378268,11.66045,51.8261,6.0008684,9.758173437422366,541.6949468848785,780.953283426498
6,0,0,1,0,5,1,2,8.057402,10.44195,49.8696,11.304642,12.042276083494743,494.6967457725717,739.3821346086904
7,0,0,1,0,6,0,2,6.765,8.1127,53.5833,17.875868,8.755721974567901,346.7361037278762,494.1167440790512
8,0,0,1,0,0,0,1,5.671653,5.80875,43.4167,24.25065,7.925269345882742,306.1460943761287,430.88340437381686
9,0,0,1,0,1,1,1,6.184153,7.5444,48.2917,14.958889,7.008370000202964,469.6400763894595,656.6340876263769
10,0,0,1,0,2,1,2,6.932731,9.5732,68.6364,8.182844,7.161347981641865,451.13828345939766,630.9773387274168
11,0,0,1,0,3,1,1,7.081807,8.02365,59.9545,20.410009,5.546984704734687,425.29365441398716,585.973816769602
12,0,0,1,0,4,1,1,6.765,7.54415,47.0417,20.167,6.7689696416534595,496.5202202317562,694.0049824853652
13,0,0,1,0,5,1,1,6.59567,9.42065,53.7826,8.478716,7.925269345882742,496.21639960338837,700.5727293924031
14,0,0,1,0,6,0,2,9.566653,12.4056,49.875,10.583521,14.099671681576467,390.23549858284713,624.320353389563
15,0,0,1,0,0,0,1,9.498347,11.71085,48.375,12.625011,14.775794586930813,366.8395084402412,604.7401438450815
16,0,0,1,1,1,0,2,7.209153,8.83855,53.75,12.999139,10.963610724399118,344.1255933448396,512.8342852165044
17,0,0,1,0,2,1,2,8.883347,11.61665,86.1667,9.833925,3.157336502299259,274.4015579647264,365.4815097421928
18,0,0,1,0,3,1,2,11.979134,14.9211,74.1739,13.957239,9.27911373862353,557.7743839557065,799.9113174092989
19,0,0,1,0,4,1,2,10.728347,12.7525,53.8333,13.125568,9.523609126904327,637.4533070797764,918.0044580386955
20,0,0,1,0,5,1,1,7.2775,7.89165,45.7083,23.667214,9.127200042226876,526.7222561660833,753.7052355435133
21,0,0,1,0,6,0,1,2.4243464,3.95348,40.0,11.52199,9.983741675926243,345.75761735429813,504.1713879291701
22,0,0,1,0,0,0,1,3.9573897,4.941955,43.6522,16.5222,12.106300542521547,328.70858721143446,506.45293518409284
23,0,0,1,0,1,1,1,3.9930433,5.8965,49.1739,10.60811,9.665476322044512,484.9489891796616,698.3843615460493
24,0,0,1,0,2,1,2,9.162598,11.7263,61.6957,8.696332,13.169792352153566,624.4129078975941,942.4777906927712
25,0,0,1,0,3,1,3,8.9175,10.18,86.25,19.68795,6.428627270494731,203.48749412087776,279.9101009186185
26,0,0,1,0,4,1,1,7.995,10.985,68.75,7.627079,4.257082757297649,183.00119773417615,242.66680592423037
27,0,0,1,0,5,1,2,8.342598,11.16585,79.3043,8.2611,6.7689696416534595,422.7864698111936,588.2119014107581
28,0,0,1,0,6,0,1,8.057402,10.6063,65.1739,9.739455,11.18654214701248,373.9205127041261,557.2275894449673
29,0,0,1,0,0,0,1,8.877402,12.5161,72.2174,4.9568342,11.78005804240976,367.80667500009804,556.3262486352226
30,0,0,1,0,1,1,2,7.414153,9.3125,60.375,12.541864,7.085485343182041,524.0183069392909,735.4696775386628
31,0,0,2,0,2,1,2,7.879134,11.7265,82.9565,3.565271,7.453204291142461,479.75479159605743,673.8137013051273
32,0,0,2,0,3,1,2,10.66,12.72085,77.5417,17.708636,8.971047417268762,522.5149244899186,746.3310716805322
33,0,0,2,0,4,1,1,7.665237,8.8939,43.7826,18.609384,8.356921871079736,533.0208736219265,756.7389625298802
34,0,0,2,0,5,1,2,8.663464,11.42935,58.5217,8.565213,9.758173437422366,571.9908022021772,824.8139034521606
35,0,0,2,0,6,0,2,9.566653,12.1529,92.9167,10.792293,10.285930098515184,351.2952225907171,515.1108674055536
36,0,0,2,0,0,0,1,11.719153,14.58355,56.8333,9.5006,16.813269083628796,466.2589866701449,788.2849019185064
37,0,0,2,0,1,1,1,11.138347,15.1829,73.8333,3.0423561,11.076034853721117,563.7064730069834,826.5277388177075
38,0,0,2,0,2,1,1,9.054153,9.9123,53.7917,24.25065,8.531499219198887,526.1216154901521,748.067006774295
39,0,0,2,0,3,1,2,5.526103,7.21415,49.4783,12.652213,7.860514959708835,551.8298296931151,780.5217374300784
40,0,0,2,0,4,1,1,5.918268,7.4774,43.7391,14.869645,7.453204291142461,533.6199746591649,751.5373285428394
41,0,0,2,0,5,1,1,7.752731,10.67545,50.6364,7.27285,12.074362198101104,565.187569047532,841.0770531566586
42,0,0,2,0,6,0,1,9.1225,11.6477,54.4167,13.625589,15.56446083223579,439.9653852780472,722.8446053918861
43,0,0,2,0,0,0,1,12.977402,16.20565,45.7391,17.479161,17.542663929866496,442.4530383636494,773.6128234854629
44,0,0,2,0,1,1,1,17.015,19.9175,37.5833,12.125325,13.75133613553182,596.9970676623171,912.084620421978
45,0,0,2,0,2,1,1,10.909567,12.7137,31.4348,19.522058,11.78005804240976,588.1953458538957,870.5052708089894
46,0,0,2,0,3,1,1,13.048701,15.81,42.3478,16.869997,14.001727063387264,652.7449049684101,997.0403536393713
47,0,0,2,0,4,1,1,17.869153,21.4329,50.5,15.416968,14.952774983724149,743.3715957556782,1146.2232750708995
48,0,0,2,0,5,1,1,21.388347,25.59915,51.6667,17.749975,20.136700271347188,780.2279155304616,1330.092309824873
49,0,0,2,0,6,0,1,16.365847,19.5702,62.625,12.125325,19.527875813336856,414.61773804082156,793.4548948819208
50,0,0,2,0,0,0,1,11.693897,13.8665,40.7826,14.956745,20.866382160464436,436.54032720162917,869.2284656534449
51,0,0,2,1,1,0,2,12.436653,14.20375,60.5,20.625682,13.413129686804043,353.57041083547824,561.2813155859034
52,0,0,2,0,2,1,1,7.471102,9.30165,57.7778,13.110761,9.075634422036053,498.9494688450898,713.2480852316056
53,0,0,2,0,3,1,1,9.091299,12.28585,42.3043,6.305571,11.746562099967337,618.309027054185,913.7765043783859
54,0,0,2,0,4,1,2,12.121732,14.45955,69.7391,16.783232,10.285930098515184,597.5829361155191,867.0999219492033
55,0,0,2,0,5,1,2,14.938268,17.52305,71.2174,23.218113,11.076034853721117,488.30409943491424,718.0484019147743
56,0,0,2,0,6,0,1,11.5825,14.1096,53.7917,12.500257,17.973243623206308,549.7462562816062,935.7347590340404
57,0,0,2,0,0,0,1,14.082598,17.55545,68.0,8.391616,21.494924611628708,597.8758278673835,1116.184237588952
58,0,0,2,0,1,1,2,16.698193,20.0059,87.6364,19.408962,9.427060202838744,495.60864830283623,711.5014889503915
59,0,0,3,0,2,1,1,10.933347,13.19395,53.5,14.500475,11.679069715724536,599.6325849471677,885.8083177218089
60,0,0,3,0,3,1,1,13.735,16.00355,44.9583,20.624811,14.315690657359912,654.4715547919616,1004.9823720966114
61,0,0,3,0,4,1,1,8.131653,10.00665,31.8333,15.125518,11.18654214701248,554.8036765632183,814.9504438698148
62,0,0,3,0,5,1,2,10.728347,12.78395,61.0417,13.624182,13.902538463881976,604.3123227893575,925.1862556326619
63,0,0,3,0,6,0,2,15.750847,18.93895,78.9167,16.875357,20.878136039229112,517.3970217259957,981.1318523796368
64,0,0,3,0,0,0,2,15.437402,18.3126,94.8261,23.000229,10.849186050854563,210.34504994379805,328.12861797602426
65,0,0,3,0,1,1,1,10.731299,11.92305,55.1304,22.870584,14.617725669338434,574.3533995983481,894.7194157304029
66,0,0,3,0,2,1,1,11.9925,15.12,42.0833,8.08355,16.11606027693521,629.6354521196515,1004.5645724374399
67,0,0,3,0,3,1,2,12.129153,14.3304,77.5417,14.75005,13.305954590260024,595.5319000867822,902.7720328372087
68,0,0,3,0,4,1,3,15.952731,19.2834,62.625,17.545759,7.381892995634633,240.86500687811574,336.79482738659465
69,0,0,3,0,5,1,2,12.977402,15.25,64.9565,15.60899,14.685846444919225,604.3123227893575,939.107051521143
70,0,0,3,0,6,0,1,13.495847,16.2875,59.4583,14.791925,21.823415468803315,508.6433283250761,1004.1467504765301
71,0,0,3,0,0,0,1,15.758268,19.00455,52.7391,18.130468,24.321990640981856,516.7942607987924,1122.3650279290239
72,0,0,3,0,1,1,1,13.333897,16.6,49.6957,9.174042,16.9011111232223,591.7191301074475,968.1293247805241
73,0,0,3,0,2,1,2,13.013031,15.9089,65.5652,12.348703,15.58478185335383,615.1070148629719,972.3261232860482
74,0,0,3,0,3,1,2,14.973897,18.3465,77.6522,13.608839,16.210983104181313,645.252298259985,1029.1769868511308
75,0,0,3,0,4,1,1,17.015,20.51665,60.2917,14.041793,17.973243623206308,772.4391163099239,1256.0698525268483
76,0,0,3,0,5,1,1,22.14,26.35045,52.5217,15.478139,23.433170234919448,782.172714934869,1455.1018194685971
77,0,0,3,0,6,0,1,19.3725,23.32625,37.9167,24.667189,27.708343554187053,593.4794702042765,1406.3907678353457
78,0,0,3,0,0,0,1,13.6325,16.2875,47.375,13.917307,24.878330892130574,513.4765918448938,1144.5799388531784
79,1,0,3,0,1,1,2,17.647835,20.48675,73.7391,19.348461,17.607699123024148,588.4891532399383,981.1318523796368
80,1,0,3,0,2,1,1,18.108347,22.0321,62.4583,15.12525,18.518946950150156,750.9391992807551,1239.409663121247
81,1,0,3,0,3,1,2,14.225237,16.89695,83.9565,15.695487,13.62302568669851,658.7842580188012,999.5492336510257
82,1,0,3,0,4,1,2,11.685,13.54165,80.5833,16.333729,12.598486559209865,595.2387813118382,891.7503205775693
83,1,0,3,0,5,1,1,10.830847,12.8156,49.5,15.458575,15.805185520768887,656.4848449125149,1036.6707607531089
84,1,0,3,0,6,0,1,10.899153,12.87855,39.4167,14.041257,24.313236396031318,540.7989052613269,1154.8458422483573
85,1,0,3,0,0,0,2,10.374763,12.51695,49.3913,12.3481,18.69430098058313,451.44785841629476,818.3829405848478
86,1,0,3,0,1,1,1,10.838268,12.8787,30.2174,14.217668,14.099671681576467,626.4449170971219,960.5691919986267
87,1,0,3,0,2,1,1,12.4025,14.6454,31.4167,15.208732,16.13512705387941,712.9466799502403,1125.6596624242472
88,1,0,3,0,3,1,2,12.3,14.8675,64.6667,11.583496,12.657680730933635,496.5202202317562,750.6699411845456
89,1,0,3,0,4,1,3,11.001653,12.87875,91.8333,14.582282,12.974869300592166,538.1090209492417,814.9504438698148
90,1,0,4,0,5,1,2,12.3,14.1727,68.625,17.333436,15.94256261710444,659.3588638363677,1043.7418349347117
91,1,0,4,0,6,0,2,12.915,15.78185,65.375,13.208782,23.564163083803322,492.263382953017,1054.1293288242043
92,1,0,4,0,0,0,1,15.511653,18.93835,48.0,12.208271,29.16929839228544,565.4836963830062,1459.0851646426179
93,1,0,4,0,1,1,1,23.506653,27.14645,42.625,12.125325,21.93082900637837,789.3879335623618,1405.5904389745592
94,1,0,4,0,2,1,2,16.980847,19.9175,64.2083,12.125325,12.628144592995481,574.3533995983481,861.9886767478656
95,1,0,4,0,3,1,1,16.024153,19.3804,47.0833,17.625221,17.80016603614257,793.2676613268867,1282.0195716377953
96,1,0,4,0,4,1,1,17.9375,21.6848,60.2917,10.874904,20.035534833697966,841.4566282575508,1415.9901657990226
97,1,0,4,0,5,1,2,13.769153,16.22395,83.625,15.208464,12.774630478140502,475.46888414514063,722.4087559573486
98,1,0,4,0,6,0,2,14.0425,17.07645,87.75,8.916561,23.386041372438253,558.9617930786902,1138.0035594703766
99,1,0,4,0,0,0,2,17.493347,21.33685,85.75,9.833389,26.008155426024892,597.5829361155191,1317.1874368952308
100,1,0,4,0,1,1,2,24.421732,28.26085,71.6956,21.739758,23.15721931162996,820.3224332145443,1498.4457339828493
101,1,0,4,0,2,1,2,20.6025,24.6527,73.9167,18.416893,14.908886343035926,618.018070378918,963.0900818444624
102,1,0,4,0,3,1,2,16.9125,20.86415,81.9167,16.791339,13.776742994638964,668.8256923280625,1016.671754993046
103,1,0,4,0,4,1,1,19.1675,23.1371,54.0417,7.4169,19.487778018067797,887.2106204932245,1466.2516721541815
104,1,0,4,1,5,0,1,18.313347,22.09565,67.125,15.167125,20.901605955828177,817.8452287007069,1409.9915248072057
105,1,0,4,0,6,0,3,17.664153,21.2746,88.8333,22.834136,11.113079627784426,274.4015579647264,418.2850420264435
106,1,0,4,0,0,0,1,18.723347,22.2848,47.9583,20.334232,28.58858128567913,734.945277783903,1654.6059433281068
107,1,0,4,0,1,1,1,21.0125,25.1573,54.25,10.958989,21.213637959840895,893.1673614588584,1530.5512288045227
108,1,0,4,0,2,1,2,20.739153,24.4629,66.5833,10.584057,17.736442885382754,902.6278896339479,1441.1490511220904
109,1,0,4,0,3,1,1,24.395,28.2196,61.4167,16.208975,20.556237775730427,1045.22398385721,1732.7494272161994
110,1,0,4,0,4,1,1,18.825847,22.6946,40.7083,21.792286,22.04782764273909,1074.783898899747,1827.8643525478055
111,1,0,4,0,5,1,2,13.803347,16.0977,72.9583,14.707907,12.918216096564484,538.1090209492417,814.0920300805349
112,1,0,4,0,6,0,2,18.86,22.50605,88.7917,15.458575,27.963553673036312,842.5516292599125,1768.5427782576014
113,1,0,4,0,0,0,2,23.848347,27.58815,81.0833,12.875725,29.526131634148914,817.0191650041388,1828.6381457537755
114,1,0,4,0,1,1,1,24.873347,28.725,77.6667,12.417311,22.340374629654924,1037.0858987846746,1782.911637773685
115,1,0,4,0,2,1,1,25.898347,29.70415,72.9167,21.8755,21.315721154148726,1146.8392643573984,1909.2719299938894
116,1,0,4,0,3,1,2,25.42,28.7571,83.5417,20.9174,19.72606550290835,1043.6498492904548,1704.6709619787714
117,1,0,4,0,4,1,2,25.3175,28.94645,70.0833,21.500836,20.010091317337185,1086.5107699129053,1777.0882232425513
118,1,0,4,0,5,1,1,20.91,24.87315,45.7083,16.084221,23.37659348724463,1145.5513363235243,1984.1116242502205
119,1,0,4,0,6,0,1,19.3725,23.20105,50.3333,15.750025,30.977756760975808,1049.4193919882587,2256.309810506023
120,1,0,5,0,0,0,2,18.518347,22.4102,76.2083,7.125718,25.618621813127508,742.5298148679691,1499.636391061105
121,1,0,5,0,1,1,2,22.515847,26.64165,73.0,12.291418,23.07996436975643,1103.4056715700488,1909.6566733977852
122,1,0,5,0,2,1,2,25.283347,29.10395,69.7083,22.958689,20.43454220089376,1179.2019963810044,1928.8812053695694
123,1,0,5,0,3,1,2,16.980847,20.2325,73.7083,22.042732,14.86476215878075,788.5560742999762,1210.8986130380365
124,1,0,5,0,4,1,1,18.825847,22.09585,44.4167,19.791264,20.568332033916427,1171.7691240594295,1921.9632207078148
125,1,0,5,0,5,1,1,19.645847,23.70585,59.0,15.292482,23.526880736789884,1144.7784423159444,1989.087918742568
126,1,0,5,0,6,0,1,21.32,25.63105,54.125,10.75015,28.928583447893377,984.8033244808862,2029.604657788877
127,1,0,5,0,0,0,1,21.661653,25.94665,63.1667,5.0007125,27.5515911082642,939.4738934870637,1883.4713153988396
128,1,0,5,0,1,1,1,21.8325,26.2623,58.875,11.792,21.156516411517668,1140.6545988681466,1894.6442802955842
129,1,0,5,0,2,1,1,21.8325,26.13605,48.9167,7.749957,21.494924611628708,1245.6916004974498,2063.5433090905512
130,1,0,5,0,3,1,1,22.2425,26.42,63.2917,8.083014,19.76525354547011,1123.6124520220526,1825.1557449292532
131,1,0,5,0,4,1,1,21.935,26.16815,74.75,12.707689,21.506030073972326,1260.8766581305629,2086.763228685112
132,1,0,5,0,5,1,2,21.0125,24.715,86.3333,12.041575,21.47268062563507,1066.6906886881986,1795.326775457581
133,1,0,5,0,6,0,2,21.354153,25.03145,92.25,9.04165,23.60133138554311,824.1729328926127,1522.6320520827521
134,1,0,5,0,0,0,2,23.0625,26.8,86.7083,10.249593,28.74067805063033,949.910474370424,1968.0233826249685
135,1,0,5,0,1,1,1,23.6775,27.5256,78.7917,8.500357,22.340374629654924,1006.7848474879061,1738.2023213302753
136,1,0,5,0,2,1,2,23.028347,26.92645,83.7917,18.582718,21.315721154148726,1075.0447695593516,1802.3054440961425
137,1,0,5,0,3,1,2,22.55,26.3579,87.0,13.499964,19.581098342670106,1042.0752460049641,1698.0326856474396
138,1,0,5,0,4,1,2,21.764153,25.5371,82.9583,7.250271,21.9415148787925,1177.1524748286088,1976.4526543100897
139,1,0,5,0,5,1,1,22.003347,26.4521,71.9583,8.375871,23.666104049985695,1220.04703780268,2106.9109973542854
140,1,0,5,0,6,0,1,24.7025,28.59875,62.6667,8.08355,32.493635611282336,1101.5886857817966,2441.0175097458487
141,1,0,5,0,0,0,1,24.770847,28.725,74.9583,9.916536,28.702803458400076,980.0235179475869,2008.9771651279796
142,1,0,5,0,1,1,2,25.898347,29.5148,81.0,15.667414,22.97291503758539,1073.21841234935,1860.7137519912906
143,1,0,5,0,2,1,2,27.06,30.24065,74.0833,13.875164,21.099098252983737,1175.3585655505003,1944.6269718582591
144,1,0,5,0,3,1,1,27.094153,30.7771,69.625,10.333611,21.99479477611133,1278.2949879588314,2130.0693692349946
145,1,0,5,0,4,1,1,29.041653,32.7344,67.75,13.376014,22.18457688355613,1197.3608937648148,2015.4739260303327
146,1,0,5,0,5,1,1,27.948347,31.8504,65.375,16.125493,23.31025017876754,1168.9473256105268,2016.2380739080986
147,1,0,5,0,6,0,1,26.889153,30.61895,72.9583,15.416164,31.17204917865058,892.3555412078061,2046.3923500919113
148,1,0,5,0,0,0,1,27.3675,30.7775,81.875,14.333846,32.96549803081797,803.7795714324122,2057.8283639495758
149,1,0,5,1,1,0,1,30.066653,33.5546,68.5,8.792075,28.531129586722557,835.7032473564967,1792.6119085608855
150,1,0,5,0,2,1,1,31.775,36.26915,63.6667,7.459043,21.259124149551536,1039.4498629153677,1747.545036580753
151,1,0,6,0,3,1,2,31.330847,36.04835,67.7083,13.875164,19.27123914108854,1079.2170039118016,1744.4315123962924
152,1,0,6,0,4,1,1,29.315,32.1971,30.5,19.583229,21.95219075642757,1276.7822183316355,2126.2751392554073
153,1,0,6,0,5,1,1,25.42,29.35665,35.4167,16.959107,23.564163083803322,1322.5147739289123,2256.309810506023
154,1,0,6,0,6,0,1,26.035,29.7348,45.625,8.250514,30.447383980762666,1082.3440911836806,2267.6037327644785
155,1,0,6,0,0,0,2,26.581653,30.8402,65.25,9.292364,29.375981589315845,1016.2895088194836,2102.7314269687445
156,1,0,6,0,1,1,1,27.811653,31.0929,60.0,8.167032,21.259124149551536,1186.1139523248642,1966.1069930463382
157,1,0,6,0,2,1,1,29.0075,32.7975,59.7917,12.583136,22.23674320123708,1235.801710262785,2074.9671112523456
158,1,0,6,0,3,1,1,31.809153,36.36395,62.2083,9.166739,21.293116913858686,1147.6118841479288,1909.6566733977852
159,1,0,6,0,4,1,2,33.141653,37.87895,56.8333,10.042161,19.93338978663585,1050.729777844688,1721.4471246870519
160,1,0,6,0,5,1,1,30.955,35.1646,60.5,9.417118,22.76582715788465,1159.445923554099,1980.6655584523742
161,1,0,6,0,6,0,1,29.725,33.9019,65.4583,10.37495,29.639238949011897,1020.5081685056259,2125.5161889644855
162,1,0,6,0,0,0,1,28.3925,32.16625,74.7917,10.958989,27.99679300534768,955.7877933661613,1932.3390026051854
163,1,0,6,0,1,1,1,26.035,30.0827,49.4583,20.45845,23.23397867152947,1257.8425471511312,2145.995682386196
164,1,0,6,0,2,1,1,24.770847,29.5773,50.7083,18.041961,21.855746103559362,1259.612620565073,2097.030292588953
165,1,0,6,0,3,1,1,25.693347,29.3877,47.1667,11.250104,22.299033346837522,1321.7634955549604,2206.529627975514
166,1,0,6,0,4,1,2,25.761653,29.7673,68.8333,13.833557,19.69985794668522,1016.5532761752166,1663.6161798124187
167,1,0,6,0,5,1,1,26.615847,30.01915,73.5833,9.582943,23.23397867152947,1213.1735904784334,2079.1538135893734
168,1,0,6,0,6,0,1,28.563347,32.1977,67.0417,8.000336,30.094815653023783,1040.2376151128055,2183.476530254732
169,1,0,6,0,0,0,2,28.665847,32.2923,66.6667,6.834,29.095652701514325,985.5995133888332,2041.0527366075455
170,1,0,6,0,1,1,2,26.035,29.7673,74.625,10.416825,21.550342341443788,1039.9750441326423,1758.4367738508167
171,2,0,6,0,2,1,2,27.914153,31.8823,77.0417,11.458675,22.350686951070003,1233.5172120716727,2075.7284104855817
172,2,0,6,0,3,1,1,30.066653,34.69145,70.75,11.541554,21.12210135161918,1178.6896819541269,1950.3835231638423
173,2,0,6,0,4,1,2,29.861653,34.69165,70.3333,15.999868,22.058404818947725,1229.1997676069618,2058.590474277843
174,2,0,6,0,5,1,1,29.690847,32.82915,57.3333,14.875675,24.207703504518356,1223.6080378565432,2135.000571287687
175,2,0,6,0,6,0,1,28.495,32.16565,48.3333,14.041257,29.950296245874263,1068.5192440998183,2214.836259836825
176,2,0,6,0,0,0,1,27.88,31.88145,51.3333,6.3337311,30.73141732555984,1059.3702636285466,2253.6735183936435
177,2,0,6,0,1,1,2,27.9825,31.8502,65.8333,7.208396,23.147589706663297,1180.7386761893702,2027.3140481459357
178,2,0,6,0,2,1,1,30.510847,34.6279,63.4167,9.666961,21.909427185155987,1196.5947211327898,2004.3895919075446
179,2,0,6,0,3,1,1,29.861653,32.7344,49.7917,17.542007,23.089648608613867,1313.2430991580575,2223.5161906574676
180,2,0,6,0,4,1,1,28.563347,31.8504,43.4167,12.415904,24.709743019528393,1341.0198060078333,2332.592547921595
181,2,0,7,0,5,1,1,29.6225,32.6081,39.625,6.874736,26.446136106214603,1247.4650659925098,2275.1290009455065
182,2,0,7,0,6,0,1,30.271653,33.3654,44.4583,7.709154,32.22488234448447,934.9174597702056,2183.476530254732
183,2,0,7,0,0,0,2,29.383347,33.42875,68.25,15.333486,32.61166354316713,785.5044402408613,2004.7719411349212
184,2,0,7,1,1,0,2,29.793347,33.27085,63.7917,5.4591064,36.066919133878656,951.7813068074607,2529.5396194332034
185,2,0,7,0,2,1,1,30.613347,34.8169,59.0417,8.459286,24.74364008620471,1124.1296271103606,2010.8882568390588
186,2,0,7,0,3,1,1,29.52,34.28165,74.3333,10.042161,22.453309654794126,1178.43350825871,1997.1231745029568
187,2,0,7,0,4,1,1,30.75,34.34355,65.125,10.6664,22.14267316490687,1176.6399844162286,1982.9630211105402
188,2,0,7,0,5,1,2,29.075847,33.52415,75.7917,15.083643,21.47268062563507,1049.6814949821892,1770.0968891781176
189,2,0,7,0,6,0,1,30.066653,33.2079,60.9167,11.250104,31.102167485808735,1049.6814949821892,2265.3455272768074
190,2,0,7,0,0,0,1,30.6475,34.50125,57.8333,12.292557,29.722035320925922,994.3492467298375,2093.2284306193205
191,2,0,7,0,1,1,1,31.2625,36.4902,63.5833,18.916579,21.812618117501934,1053.6114925041527,1787.9566219646224
192,2,0,7,0,2,1,1,32.560847,36.96375,55.9167,13.417018,21.133584952861575,1114.2952361087082,1854.5360623084646
193,2,0,7,0,3,1,1,30.613347,34.4702,63.1667,9.790911,22.079529951469855,1113.7771630546602,1886.9396957701545
194,2,0,7,0,4,1,1,27.914153,31.7552,47.625,16.124689,23.470741491686198,1267.6981482057013,2170.2352385842223
195,2,0,7,0,5,1,1,27.196653,31.21855,59.125,12.249811,26.970745178912516,1273.7556168047145,2341.2150513214883
196,2,0,7,0,6,0,1,28.153347,31.91315,58.5,13.958914,33.264846443993484,1090.6742973233145,2484.9572404667792
197,2,0,7,0,0,0,1,29.485847,33.49165,60.4167,16.417211,31.198843605679237,1036.0349067520926,2252.543557700228
198,2,0,7,0,1,1,1,30.613347,35.19625,65.125,14.458868,23.021693177184783,1119.7321390290872,1931.570671929205
199,2,0,7,0,2,1,1,31.843347,37.37395,65.0417,8.7502,22.121663950541958,1164.0701391794323,1963.4236445567003
200,2,0,7,0,3,1,1,31.501653,37.3425,70.7083,7.625739,20.925025638650855,1138.075702244156,1883.0858891998419
201,2,0,7,0,4,1,2,33.415,41.31855,69.125,14.875407,20.783748696645866,998.0566615728003,1670.2718931194752
202,2,0,7,0,5,1,1,34.781653,42.0448,58.0417,8.9177,19.92055161087199,910.7213620193907,1513.9148446448357
203,2,0,7,0,6,0,1,34.815847,40.21435,50.0,8.791807,24.365670136650444,766.3084652564366,1473.413685522127
204,2,0,7,0,0,0,1,34.03,39.74145,55.0833,11.334457,24.903427537398773,837.6219068005053,1600.4105954278152
205,2,0,7,0,1,1,1,30.476653,36.0479,75.7083,6.0841561,19.997346487657108,1029.7245245207075,1692.1726149781614
206,2,0,7,0,2,1,1,31.638347,34.84895,54.0833,13.417286,22.100616270491027,1177.1524748286088,1982.1972382218912
207,2,0,7,0,3,1,1,31.775,34.53335,40.2917,12.292021,22.15316340127055,1192.7624035605872,2007.4481236698375
208,2,0,7,0,4,1,1,31.945847,36.995,58.3333,11.958093,20.471195691912516,1162.7859991105013,1905.4239479722473
209,2,0,7,0,5,1,1,34.371653,39.29835,54.25,11.667246,21.22502700601416,1004.4059191832,1694.5169554292656
210,2,0,7,0,6,0,1,32.970847,36.42685,46.5833,11.291979,28.594950704850454,935.1856064104386,1938.1002336736783
211,2,0,7,0,0,0,1,33.039153,36.4898,48.0833,11.042471,28.37032739961215,898.035232373091,1871.5183810403855
212,2,0,8,0,1,1,1,31.638347,35.1646,55.0833,10.500039,21.877248914900424,1098.991965033661,1857.6252369003314
213,2,0,8,0,2,1,1,32.116653,35.35355,49.125,13.79195,22.625721240169963,1229.1997676069618,2079.5343691829567
214,2,0,8,0,3,1,2,29.998347,33.99685,65.75,9.084061,18.62161379103075,986.1302354811677,1587.8101198470135
215,2,0,8,0,4,1,2,29.11,33.2394,75.75,13.20905,22.60556894823919,1160.9877325534615,1976.8356932119234
216,2,0,8,0,5,1,1,29.144153,32.82835,63.0833,12.374632,24.675755026759898,1177.9211278872722,2087.5239740411594
217,2,0,8,0,6,0,2,29.383347,33.8077,75.5,15.29275,28.350909517968855,896.6835694038074,1868.4321634112682
218,2,0,8,0,0,0,1,30.4425,35.7646,75.2917,13.499629,26.827039269954902,818.6711278138882,1670.6632995075095
219,2,0,8,0,1,1,1,31.365,35.16415,59.2083,12.875725,23.070272263845283,1084.1674019681093,1880.773119185145
220,2,0,8,0,2,1,1,31.775,36.20605,57.0417,10.125107,23.647632684003003,1139.8810508289532,1986.7913663294044
221,2,0,8,0,3,1,1,31.433347,34.24915,42.4167,13.417286,23.433170234919448,1191.4844244661347,2054.779560012849
222,2,0,8,0,4,1,1,29.4175,32.57605,42.375,11.041332,22.73594463067716,1212.9188709421521,2059.3525483774733
223,2,0,8,0,5,1,1,29.041653,32.7021,41.5,8.416607,24.9117821253897,1180.7386761893702,2102.3514131509214
224,2,0,8,0,6,0,2,28.119153,32.2929,72.9583,14.167418,28.24037434972934,862.2141311659772,1812.7669498644182
225,2,0,8,0,0,0,2,27.743347,31.2194,81.75,14.916411,27.112958978368034,817.2945378710051,1684.3551304047232
226,2,0,8,0,1,1,1,27.299153,30.80835,71.2083,13.999918,22.36099011289047,1105.7409288946394,1885.3982945352882
227,2,0,8,0,2,1,1,28.734153,32.29185,57.8333,15.834043,21.790992561788407,1219.029232538455,2033.8032470741919
228,2,0,8,0,3,1,1,29.656653,33.33355,57.5417,9.625689,21.202237198776047,1224.6250905666088,2021.9679988694086
229,2,0,8,0,4,1,1,29.178347,33.1129,65.4583,15.624936,20.866382160464436,1001.761360593222,1678.488959429469
230,2,0,8,0,5,1,2,28.085,31.66105,72.2917,9.333636,22.58538193183041,1051.7778543413601,1813.928860192567
231,2,0,8,0,6,0,1,28.5975,32.4498,67.4167,6.999289,30.698273032716752,1031.0398154595148,2210.683444928258
232,2,0,8,0,0,0,1,29.144153,33.77625,77.0,16.666518,26.46840542476412,856.2156196238843,1705.061345349964
233,2,0,8,0,1,1,1,28.358347,31.9127,47.0,18.54225,22.943551772154095,1198.8929488381991,2046.3923500919113
234,2,0,8,0,2,1,1,26.274153,30.30335,45.5417,9.833121,26.703686981463523,1372.4132084172898,2474.5399556695984
235,2,0,8,0,3,1,1,27.606653,31.5346,60.5,16.958236,24.029799804559193,1263.9093285734077,2187.6359473136845
236,2,0,8,0,4,1,2,28.050847,32.2927,77.1667,14.125811,18.143259830460796,986.1302354811677,1575.1967925897015
237,2,0,8,0,5,1,1,28.7,32.98665,76.125,5.6254875,22.28867492592782,1190.7175071356828,2009.359402139344
238,2,0,8,0,6,0,2,27.88,31.7778,85.0,25.166339,14.196409919260486,346.0838399890205,564.8814779890351
239,2,0,8,0,0,0,1,28.989419,32.39795,56.1765,20.412153,27.64721450538754,935.9899553284658,1883.8567314704635
240,2,0,8,0,1,1,1,26.103347,30.3979,55.4583,10.708275,21.877248914900424,1193.7845922581819,1999.035718282352
241,2,0,8,0,2,1,1,26.205847,29.7352,54.8333,8.375536,22.36099011289047,1326.2699035503056,2215.5912096198504
242,2,0,8,0,3,1,1,26.923347,30.55605,59.7917,5.5833311,21.428059653476943,1311.487546759812,2160.392133609398
243,2,0,9,0,4,1,1,26.855,30.74605,63.9167,9.500332,22.443088040293315,1301.9492861357041,2181.9637627526877
244,2,0,9,0,5,1,2,26.376653,30.2404,72.7083,9.375243,23.34820535085994,1180.2264934720577,2034.5665073109797
245,2,0,9,0,6,0,1,27.435847,31.66065,71.6667,12.416775,30.81396754174408,835.7032473564967,1941.5559166195428
246,2,0,9,0,0,0,1,29.075847,33.27145,74.2083,13.833289,33.74290772827341,799.9099361890025,2115.6466625584007
247,2,0,9,1,1,0,2,27.606653,31.2823,79.0417,14.250632,26.371637637450757,714.9263305162469,1499.636391061105
248,2,0,9,0,2,1,3,22.14,25.76,88.6957,23.044181,13.648860266572404,823.8980150716627,1242.256110914804
249,2,0,9,0,3,1,3,24.565847,27.21145,91.7083,6.5003936,11.001303465544996,647.2712188308805,947.1100335765107
250,2,0,9,0,4,1,3,25.990433,27.76805,93.9565,12.914116,12.201245397222467,592.3060247344481,881.9857582496647
251,2,0,9,0,5,1,2,26.65,28.9473,89.7917,8.333393,17.863466105304152,991.4343634981657,1575.9855044931599
252,2,0,9,0,6,0,1,27.06,30.3981,75.375,10.291736,29.76326206714132,1114.036205525675,2268.7327272017333
253,2,0,9,0,0,0,1,26.786653,30.46145,71.375,7.708618,29.058690721242034,1066.6906886881986,2155.8472205409503
254,2,0,9,0,1,1,1,26.418268,30.1065,69.2174,5.957171,21.4503923785005,1223.8623166729028,2029.222912577651
255,2,0,9,0,2,1,1,26.684153,30.1777,71.25,9.500868,21.572433096279518,1233.7710864218952,2048.2989211637278
256,2,0,9,0,3,1,1,27.606653,31.345,69.7083,11.2091,20.96006154932019,1253.0355801552073,2056.6851304916145
257,2,0,9,0,4,1,2,23.6775,27.68355,70.9167,18.166782,18.035414901758596,1018.9265751869024,1621.2522025411497
258,2,0,9,0,5,1,2,19.235847,23.07375,59.0417,11.000261,22.016037408971247,1222.5908182515861,2047.1550058807936
259,2,0,9,0,6,0,2,20.158347,23.9256,71.8333,12.708225,27.77595386171366,978.1634623960019,1951.9182348496265
260,2,0,9,0,0,0,1,20.8075,24.52685,69.5,11.958361,27.2186627180214,936.5261121654562,1860.7137519912906
261,2,0,9,0,1,1,2,22.515847,26.48375,69.0,10.166714,21.46154204821764,1179.2019963810044,1962.6568870866445
262,2,0,9,0,2,1,2,23.028347,26.61085,88.125,9.041918,18.189113817415077,1011.5393812861815,1614.1778000356094
263,2,0,9,0,3,1,2,24.395,27.52665,90.0,6.4590814,19.6208362372894,1170.2301277517895,1890.7924919401696
264,2,0,9,0,4,1,2,25.761653,27.74815,90.2083,8.584375,19.83024151966261,1278.799165958666,2060.495591635083
265,3,0,9,0,5,1,2,24.975847,26.10625,97.25,5.2505689,14.930859913469101,721.141073140188,1113.2983661768315
266,3,0,9,0,6,0,2,24.873347,28.2206,86.25,5.2516811,29.91540432973025,1127.490121927702,2298.0613908750174
267,3,0,9,0,0,0,2,26.000847,28.63185,84.5,3.3754064,28.499112717370515,1080.5201739807565,2142.2050837650477
268,3,0,9,0,1,1,2,26.615847,29.4521,84.8333,7.4169,21.38325989427638,1204.2521036160817,1997.505702067235
269,3,0,9,0,2,1,2,26.103347,28.72625,88.5417,7.917457,18.7664604919159,1126.4563343374873,1801.1425739431554
270,3,0,9,0,3,1,2,26.035,28.7579,84.875,9.958143,18.8095067937878,1070.3471821307915,1718.3275733024325
271,3,0,9,0,4,1,1,25.283347,28.7256,69.9167,11.583161,21.029799569692006,1265.172517245491,2077.2509014088027
272,3,0,9,0,5,1,1,23.130847,27.24145,64.75,13.833825,22.914115682910097,1311.9891804701317,2214.836259836825
273,3,0,10,0,6,0,2,16.81,20.64315,75.375,19.583832,18.8095067937878,667.6796120208456,1127.3065154222013
274,3,0,10,0,0,0,2,14.623347,17.26585,79.1667,14.874871,20.59247996716535,767.4238467497443,1326.4644453611406
275,3,0,10,0,1,1,2,15.750847,19.6023,76.0833,5.5841686,16.37931262231017,1021.2987837510512,1586.2341593959623
276,3,0,10,0,2,1,1,19.850847,23.6429,71.0,13.792218,18.895047390845665,1210.371094308497,1930.80230200689
277,3,0,10,0,3,1,1,22.071653,26.3569,64.7917,11.87575,19.88194256663946,1285.6017375629037,2072.302281352894
278,3,0,10,0,4,1,1,20.260847,24.02125,62.0833,9.041918,20.866382160464436,1249.99772528739,2049.061485776978
279,3,0,10,0,5,1,1,20.944153,25.2202,68.4167,1.5002439,24.029799804559193,1227.1669934432023,2132.7248138241157
280,3,0,10,0,6,0,1,21.388347,25.6621,70.125,3.0420814,32.37971307356818,1003.8771175008947,2292.800827878857
281,3,0,10,0,0,0,1,22.174153,26.19915,72.75,4.25115,33.16566607142315,987.9873192383538,2331.0925646171895
282,3,0,10,1,1,0,1,23.404153,27.14625,73.375,2.8343814,28.30549846491878,1116.1081176497169,2182.7201633334216
283,3,0,10,0,2,1,2,23.233347,27.3048,80.875,9.583814,21.190824693205215,1191.4844244661347,1971.8554432879
284,3,0,10,0,3,1,3,22.276653,25.88585,90.625,16.62605,13.977048046329125,738.5990095881458,1121.9531113966673
285,3,0,10,0,4,1,2,24.155847,27.5902,89.6667,9.499729,15.60505457017989,855.9427633308728,1324.4484148068318
286,3,0,10,0,5,1,2,22.584153,26.48375,71.625,15.000161,19.487778018067797,988.2525606623947,1615.3571431283897
287,3,0,10,0,6,0,1,20.773347,24.93625,48.3333,17.291561,30.615098486573412,1041.8127664849064,2220.4975786553405
288,3,0,10,0,0,0,1,20.978347,25.1577,48.6667,18.875039,29.751494587944297,1035.2465246320432,2153.953143708377
289,3,0,10,0,1,1,1,21.900847,25.53625,57.9583,11.750393,21.704075409338074,1181.506868054682,1974.5373167668738
290,3,0,10,0,2,1,2,21.8325,26.13605,70.1667,7.375829,20.84283639518621,1246.1983557518256,2042.578523303355
291,3,0,10,0,3,1,3,22.211299,25.6924,89.5217,16.303713,14.84261076336168,730.4434507519785,1125.2479008672728
292,3,0,10,0,4,1,1,19.509153,23.32625,63.625,12.125325,18.679806059265733,1147.3543556285642,1830.1856060643777
293,3,0,10,0,5,1,1,17.5275,21.1798,57.4167,14.833532,21.293116913858686,1122.5779608511136,1872.289833307837
294,3,0,10,0,6,0,1,17.3225,21.2746,62.9167,6.2086689,28.207700564224606,906.4066177402291,1873.8326154229662
295,3,0,10,0,0,0,1,17.288347,21.11665,74.125,6.6673375,28.972081387127727,893.7084940746096,1901.9599108474088
296,3,0,10,0,1,1,1,18.996653,22.85335,77.2083,7.959064,21.550342341443788,1086.250444990836,1827.0905172782498
297,3,0,10,0,2,1,1,19.338347,23.16875,62.2917,11.166086,21.506030073972326,1215.9748093478327,2019.2942937238563
298,3,0,10,0,3,1,2,19.850847,23.6423,72.0417,9.959014,17.656183295505553,1086.7710825251877,1713.2567502767033
299,3,0,10,0,4,1,2,19.27,22.8523,81.2917,13.250121,14.525995953471437,799.9099361890025,1221.4983864496558
300,3,0,10,0,5,1,2,13.564153,15.9406,58.5833,15.375093,18.45979696707945,1034.7208707224124,1655.7815481622013
301,3,0,10,0,6,0,3,10.420847,11.39565,88.25,23.541857,8.114713729979519,238.41040895736,338.7167539174739
302,3,0,10,0,0,0,1,13.085847,16.06645,62.375,11.833339,23.442573993288537,807.3695157290107,1491.6963790654804
303,3,0,10,0,1,1,1,13.94,17.80315,70.3333,7.12545,16.953413106041463,1038.9246293247793,1625.18071312552
304,3,0,11,0,2,1,1,16.434153,19.8544,68.375,9.083257,17.752413717048515,1130.3320740317724,1780.9707713428636
305,3,0,11,0,3,1,1,15.4775,19.50665,71.875,5.5001439,17.091442859100543,1170.9996758097382,1826.7035838626352
306,3,0,11,0,4,1,1,16.741653,20.29605,70.2083,9.166739,16.154152506905422,1129.815460460537,1744.4315123962924
307,3,0,11,0,5,1,2,16.536653,20.1696,62.25,18.209193,18.665289955991366,1109.1123613274838,1772.4277271554918
308,3,0,11,0,6,0,1,13.393347,16.1927,51.9167,12.667154,25.760185448419776,895.8723786393195,1725.735323264741
309,3,0,11,0,0,0,1,14.281653,18.1179,73.4583,6.1676314,24.056648712662287,876.0882785375744,1617.3224693591137
310,3,0,11,0,1,1,1,16.195,20.04355,75.875,3.834075,17.142674706414564,1131.3651614062985,1768.154223132841
311,3,0,11,0,2,1,1,16.741653,20.6123,72.1667,4.6255125,17.193623928055374,1174.3332318925095,1834.053522290475
312,3,0,11,0,3,1,1,16.4,20.45395,75.8333,4.1671186,15.90353377985618,1167.920883812738,1796.8778912767925
313,3,0,11,0,4,1,2,15.58,18.68605,81.3333,12.667489,13.27891999200478,888.5651164773321,1332.5101804049634
314,3,0,11,1,5,0,1,13.290847,15.34085,44.625,21.083225,18.21956326306046,938.4021844731263,1506.3811591035708
315,3,0,11,0,6,0,1,14.623347,17.8971,55.2917,14.208154,26.659882133235868,901.8177563576695,1780.5825654739483
316,3,0,11,0,0,0,1,18.074153,21.5275,45.8333,18.875307,24.51305170482015,880.4320007835837,1644.0206618263219
317,3,0,11,0,1,1,1,21.73,26.2306,58.7083,20.541932,20.33618244034791,1190.206174747336,1942.323738870254
318,3,0,11,0,2,1,2,21.73,25.37895,68.875,13.375411,18.355419959790797,1153.0173537331327,1830.1856060643777
319,3,0,11,0,3,1,3,18.723347,22.5994,93.0,9.167543,11.945114071860695,587.3137499684829,871.3563407418659
320,3,0,11,0,4,1,2,14.008347,16.16105,57.5833,20.459254,11.746562099967337,934.6492979527596,1380.7510151811384
321,3,0,11,0,5,1,1,11.240847,13.63605,41.0,11.291711,14.640496283087804,996.7328973389274,1515.8965927729205
322,3,0,11,0,6,0,1,13.495847,16.22415,50.2083,15.041232,23.97592635594118,882.3310491674534,1622.8237532783173
323,3,0,11,0,0,0,2,18.996653,22.8529,68.4583,12.45865,22.483920795639833,885.8557163533678,1566.5176079827584
324,3,0,11,0,1,1,3,18.3475,22.2531,91.0,9.249618,14.050852477026229,834.6064803208709,1264.5921236421784
325,3,0,11,0,2,1,3,17.083347,21.0848,96.25,7.959064,8.810353276360255,547.6611247954874,781.3847988303387
326,3,0,11,0,3,1,2,18.074153,21.52685,75.7917,22.500275,10.771747496560778,809.5771470224014,1183.5285359632903
327,3,0,11,1,4,0,1,15.306653,18.62355,54.9167,11.209368,19.894828048314327,361.0258925619378,732.859889567251
328,3,0,11,0,5,1,1,15.375,19.03355,64.375,6.6260186,25.274094250038676,594.6524583462125,1275.5385141700394
329,3,0,11,0,6,0,1,15.409153,19.25435,68.1667,4.5841936,26.46840542476412,630.2152065298083,1386.7657770400297
330,3,0,11,0,0,0,1,18.825847,22.79,69.8333,13.999918,22.71598073587438,755.9759138115535,1387.9683271615233
331,3,0,11,0,1,1,1,20.642598,24.5061,74.3043,9.522174,14.820399304452108,1118.9557581379254,1702.7188728684591
332,3,0,11,0,2,1,2,18.791653,22.56875,83.0833,17.292164,10.115102959468718,908.8341588427478,1324.8516524152594
333,3,0,11,0,3,1,1,13.325,15.56105,61.3333,18.167586,13.224555794604415,1069.8249770341968,1603.1652488861766
334,3,0,12,0,4,1,1,12.8125,15.2777,52.4583,14.750586,13.05903842788398,1101.069438364129,1647.942153859019
335,3,0,12,0,5,1,1,12.880847,16.57165,62.5833,6.750518,15.147439654158662,1133.9470659114643,1731.191052992164
336,3,0,12,0,6,0,1,12.265847,15.5302,61.2917,6.4174811,21.627470972407515,933.0400079864769,1603.5587211803256
337,3,0,12,0,0,0,1,13.564153,17.455,77.5833,5.6252061,20.807422223207166,917.7242380523587,1552.6970636446945
338,3,0,12,0,1,1,2,15.819153,19.69625,82.7083,4.1679561,14.362905788170039,1109.630863601524,1680.8357431972968
339,3,0,12,0,2,1,3,18.9625,22.82,94.9583,15.583061,11.29521086922712,813.4376481310104,1194.9765541823162
340,3,0,12,0,3,1,3,16.81,20.0123,97.0417,17.833725,7.6610645629261285,267.8989808110825,375.9268753781218
341,3,0,12,0,4,1,1,10.899153,12.8469,58.0,16.083886,12.106300542521547,1003.3482608411592,1488.121604395566
342,3,0,12,0,5,1,1,11.924153,15.8771,69.5833,5.5420189,14.996431142631277,1052.5637764586806,1605.9192947703148
343,3,0,12,0,6,0,1,11.275,13.3206,50.75,15.625807,19.11965961098823,873.6430673793083,1435.5630935519598
344,3,0,12,0,0,0,1,9.054153,12.6577,49.0,4.4582939,17.210544854603064,785.2269030867175,1255.6638452888828
345,3,0,12,0,1,1,1,9.771653,13.5098,67.0833,4.25115,11.879568738579978,1002.0258784003827,1483.3535220776835
346,3,0,12,0,2,1,1,11.5825,15.0569,59.0,9.41685,12.263832757522577,1054.9208484979367,1567.701496000177
347,3,0,12,0,3,1,2,13.0175,16.9181,66.375,4.0842061,12.946597425443061,1105.4815039608372,1653.038303358699
348,3,0,12,0,4,1,2,17.3225,20.61185,63.4167,17.958814,13.031088794617592,1096.6538806068083,1640.8826033888247
349,3,0,12,0,5,1,2,15.375,17.99125,50.0417,17.458525,12.946597425443061,1063.0317198148628,1588.9919583937724
350,3,0,12,0,6,0,2,10.591653,12.46855,56.0833,16.292189,15.295759177479805,812.3350173658794,1254.039647742539
351,3,0,12,0,0,0,1,9.771653,12.27895,58.625,11.375193,14.050852477026229,741.9685230207859,1128.1298261072832
352,3,0,12,0,1,1,1,11.343347,14.04665,63.75,11.584032,14.974631934516553,995.6736361096029,1520.255268794211
353,3,0,12,0,2,1,2,15.819153,19.8227,59.5417,4.1252436,13.9522906841088,1098.212712740408,1656.9570458371918
354,0,0,12,0,3,1,2,17.561653,21.40085,85.8333,14.8338,10.573899066836365,836.7997304731155,1221.9058336860564
355,0,0,12,0,4,1,2,17.356653,21.30605,75.75,3.167425,14.220410217109695,915.0320763253328,1386.7657770400297
356,0,0,12,0,5,1,1,15.306653,18.87565,68.625,18.374482,12.508768561460084,695.3647861260014,1036.2546227877588
357,0,0,12,0,6,0,1,12.4025,14.9621,54.25,12.750368,12.263832757522577,335.2860452366701,517.8410649316546
358,0,0,12,0,0,0,1,11.266103,13.99805,68.1304,10.391097,15.864328520407078,195.8548217186385,399.0602157089587
359,0,0,12,1,1,0,1,13.191299,15.77675,50.6957,16.044155,18.066350765476297,345.4313341035415,654.8688371200955
360,0,0,12,0,2,1,2,13.325,16.38165,76.25,12.62615,10.410990448853742,400.7207401288093,585.973816769602
361,0,0,12,0,3,1,1,12.26433,13.9987,50.3913,19.695387,14.86476215878075,695.6490560121491,1074.8651139385522
362,0,0,12,0,4,1,1,10.181653,13.1946,57.4167,8.000604,14.84261076336168,730.1619051050498,1124.8361199695503
363,0,0,12,0,5,1,1,12.778347,15.9406,63.6667,9.000579,18.96577807257468,824.4478326218276,1359.0698723114212
364,0,0,12,0,6,0,1,16.81,20.70605,61.5833,14.750318,21.167964329490268,630.5050442917037,1150.3302939873738
365,0,1,1,0,0,0,1,15.17,18.78105,69.25,12.875189,21.405682232121144,568.4432919372906,1071.5508625216119
366,0,1,1,1,1,0,1,11.194763,12.6152,38.1304,22.087555,14.617725669338434,597.5829361155191,928.1413851102227
367,0,1,1,0,2,1,1,6.15,6.31375,44.125,24.499957,9.803979363300463,723.9624619731009,1047.4828545315481
368,0,1,1,0,3,1,2,4.4075,5.96685,41.4583,12.3749,10.071633624010222,759.3300467958439,1102.158122577564
369,0,1,1,0,4,1,1,10.899153,13.9206,52.4167,8.709129,11.78005804240976,992.7595197855363,1468.2415699359922
370,0,1,1,0,5,1,1,13.700847,17.01335,54.2083,11.249836,15.94256261710444,1164.5837169094652,1792.6119085608855
371,0,1,1,0,6,0,1,16.126653,19.53895,53.1667,11.708786,25.069490728614646,1076.609731308797,1955.7543365695608
372,0,1,1,0,0,0,1,13.8375,17.0129,46.5,12.833314,20.385475260617483,910.9908994532848,1528.967815126248
373,0,1,1,0,1,1,2,9.190847,12.37395,70.1667,6.6263,10.533569973870867,758.4917880259724,1105.4604359370205
374,0,1,1,0,2,1,1,12.656536,15.9413,64.6522,12.565984,12.80357508690969,1069.8249770341968,1597.261674392731
375,0,1,1,0,3,1,2,11.240847,14.14105,84.75,8.791807,9.93930751344088,706.4344527150466,1022.9268234733852
376,0,1,1,0,4,1,2,15.6825,19.0969,80.2917,12.124789,15.168790031302237,1174.0768708715264,1792.2240273508994
377,0,1,1,0,5,1,1,11.240847,12.4681,50.75,25.333236,12.832404849813082,968.3200961311751,1445.1373190382199
378,0,1,1,0,6,0,1,7.38,9.15435,45.75,12.541261,16.434720152611323,727.6270291494999,1153.614554199475
379,0,1,1,0,0,0,1,6.833347,8.08125,41.9167,16.834286,15.482687996367208,689.9592877907784,1078.5920798634816
380,0,1,1,1,1,0,1,7.79,9.53315,52.25,15.500986,13.977048046329125,705.3006847577167,1073.2081524347736
381,0,1,1,0,2,1,2,15.294763,18.2139,71.6087,23.39171,11.331038008480384,906.1368118061073,1333.316012072254
382,0,1,1,0,3,1,1,12.436653,13.7627,44.3333,12.125325,10.653786062011257,1028.4089019323471,1509.5538254374685
383,0,1,1,0,4,1,1,7.79,9.5019,49.75,14.750586,11.437368521418728,1000.7031514655595,1476.1977051540712
384,0,1,1,0,5,1,2,8.9175,11.0479,45.0,13.58425,10.88755529822592,970.4500584794504,1424.7822792199393
385,0,1,1,0,6,0,2,7.106653,8.74375,83.125,14.917014,8.700535273222862,455.4685409541771,647.8017090176124
386,0,1,1,0,0,0,2,6.6625,8.1125,79.625,13.375746,13.439686812493086,619.1817351661088,939.107051521143
387,0,1,1,0,1,1,2,8.951653,12.1529,91.125,7.417436,11.945114071860695,763.2395123205788,1128.5414525273147
388,0,1,1,0,2,1,1,14.0425,17.4554,83.5833,8.292389,18.204350466623477,1192.506829372234,1885.7836600090695
389,0,1,1,0,3,1,1,12.060847,14.74105,64.375,10.791757,18.62161379103075,1167.664245545382,1859.1695767973708
390,0,1,1,0,4,1,2,14.008347,17.8025,76.9583,4.9175186,14.617725669338434,1174.845920799979,1783.6879083750446
391,0,1,1,0,5,1,2,17.425,20.76915,74.125,22.958689,15.168790031302237,1007.3133475137616,1541.2337845098273
392,0,1,1,0,6,0,1,12.949153,16.31895,54.3333,14.125543,22.36099011289047,1023.4065010009393,1763.4907055844174
393,0,1,1,0,0,0,1,11.5825,13.63605,31.125,16.08335,19.869041221066194,872.827697003033,1456.695325321276
394,0,1,1,0,1,1,1,11.035847,13.13125,40.0833,14.458064,11.29521086922712,1088.8531407637438,1607.492762990886
395,0,1,1,0,2,1,1,15.99,19.06585,41.6667,17.541739,16.267449563951885,1264.919899434957,1951.1508983828387
396,0,1,2,0,3,1,1,19.235847,23.3269,50.7917,12.667489,15.88395332521087,1287.615948850227,1977.98475274559
397,0,1,2,0,4,1,2,16.365847,19.94855,67.2917,12.541529,13.27891999200478,1107.8158962461885,1661.2662887144566
398,0,1,2,0,5,1,1,12.846653,15.4673,52.6667,11.959232,16.00077930607412,1177.4087035194786,1813.1542639293637
399,0,1,2,0,6,0,2,10.830847,13.63625,77.9583,8.167032,17.328135404690276,807.9215350859249,1291.7332851345323
400,0,1,2,0,0,0,2,10.899153,13.22605,68.7917,11.791732,16.154152506905422,857.5796439091682,1338.1496908726433
401,0,1,2,0,1,1,1,11.586969,14.8213,62.2174,10.3046,13.700269275640977,1109.630863601524,1670.2718931194752
402,0,1,2,0,2,1,1,14.520847,18.0552,49.625,9.874393,13.518803186106753,1262.6458906445528,1899.6501027048298
403,0,1,2,0,3,1,2,10.523347,13.32105,72.2917,8.959307,10.653786062011257,875.001684491646,1279.5896690845868
404,0,1,2,0,4,1,1,10.865,13.0994,56.2083,13.000479,12.508768561460084,1132.6562588651518,1688.2644536681075
405,0,1,2,0,5,1,2,11.514153,14.6779,54.0,7.834243,14.220410217109695,1116.367053267359,1688.6553220312633
406,0,1,2,0,6,0,3,9.190847,10.54335,73.125,19.416332,13.332892012057785,675.6940749005519,1019.5913997623999
407,0,1,2,0,0,0,1,5.2275,5.0829,46.4583,12.125325,9.023587275838487,523.11637966106,747.633071494622
408,0,1,2,0,1,1,1,9.1225,11.39565,41.125,11.207961,10.027848426950573,1044.4369751021195,1527.7801167035436
409,0,1,2,0,2,1,2,13.085847,16.6973,50.875,9.458993,11.610896216048529,1163.5565167217103,1724.1761368010812
410,0,1,2,0,3,1,1,14.281653,17.58145,53.125,12.1672,11.813389829019998,1225.1335543964344,1820.1241032906885
411,0,1,2,0,4,1,2,12.983347,16.5081,75.2917,6.125475,9.075634422036053,939.2059888606826,1361.4810692058445
412,0,1,2,0,5,1,1,14.076653,17.58145,63.4583,13.791682,16.724569505994513,1168.1775109495238,1814.3161423965212
413,0,1,2,0,6,0,1,14.213347,17.77125,53.4583,12.792243,27.782697036897115,926.3287204219757,1877.6888575793103
414,0,1,2,0,0,0,2,11.48,13.2894,51.5833,16.958504,20.616574036363005,702.4646898210841,1233.714246902138
415,0,1,2,1,1,0,1,11.48,13.66955,50.7826,15.348561,19.11965961098823,857.034085600588,1411.191514695153
416,0,1,2,0,2,1,1,11.800866,14.75565,59.4348,13.783039,12.508768561460084,1118.9557581379254,1667.5317184540268
417,0,1,2,0,3,1,1,16.229153,19.63335,56.7917,15.709557,17.49359116289115,1313.7446004509768,2052.111379996072
418,0,1,2,0,4,1,1,18.620847,22.2223,55.4583,12.791171,19.31219047959194,1355.4885575365151,2161.9068316954576
419,0,1,2,0,5,1,2,16.7075,20.54855,73.75,15.916989,14.663203062497052,1021.5622953222788,1553.4872333220962
420,0,1,2,0,6,0,1,11.924153,12.78375,39.5833,12.125325,16.13512705387941,798.8036482185898,1251.1966518909653
421,0,1,2,0,0,0,1,11.445847,13.4154,41.0,13.750343,19.298558271471887,923.9103097716629,1514.7075838388052
422,0,1,2,0,1,1,1,15.033347,17.8977,49.0833,17.958211,14.820399304452108,1235.5479183207653,1879.2310696309278
423,0,1,2,0,2,1,1,14.725847,17.67625,39.5833,12.958939,14.26819352349966,1252.023123565905,1895.029403800498
424,0,1,3,0,4,1,1,19.919153,23.76855,61.5417,15.208129,16.28619178229141,1385.0796835865003,2134.6213000179064
425,0,1,3,0,5,1,2,14.486653,17.9921,65.7083,9.708568,14.663203062497052,943.7583214047988,1437.1593657171766
426,0,1,3,0,6,0,2,16.980847,20.6746,62.125,10.792293,24.09235688677145,986.9262129559621,1780.1943487371755
427,0,1,3,0,0,0,1,13.359153,15.15105,40.3333,22.416257,21.67130856287786,880.4320007835837,1528.1760293448165
428,0,1,3,0,1,1,1,9.976653,12.05855,50.625,15.333486,13.62302568669851,992.22949918491,1492.4906240035803
429,0,1,3,0,2,1,1,10.591653,12.7521,45.6667,13.458625,14.075300062683299,1150.1865425963954,1737.4234710798828
430,0,1,3,0,3,1,1,16.570847,19.255,51.3333,23.167193,18.09718782281757,1340.0208279988065,2106.531080434918
431,0,1,3,0,4,1,1,21.6275,26.2302,56.75,12.125325,18.895047390845665,1442.1696932205127,2282.6510740304584
432,0,1,3,0,5,1,2,16.844153,19.85415,40.7083,12.125325,18.325392570647033,1248.984783233005,1974.1542206351614
433,0,1,3,0,6,0,1,11.7875,13.88835,35.0417,15.12525,24.198868608451622,997.5271974836746,1800.367273618077
434,0,1,3,0,0,0,1,14.831299,17.9835,47.6957,14.913329,29.212088494951814,1024.7233892678512,2104.63136381368
435,0,1,3,0,1,1,1,19.133347,22.9796,48.9167,13.916771,22.9924503079177,1334.023866792113,2251.0368301958556
436,0,1,3,0,2,1,1,23.165,27.14645,61.75,15.87565,22.226328788242366,1488.5492297976737,2456.668626456552
437,0,1,3,0,3,1,1,23.4725,27.43085,50.7083,7.709154,24.45257464224404,1544.608537348506,2629.1158855138556
438,0,1,3,0,4,1,1,22.8575,26.64125,57.9583,10.042161,24.521667588204817,1513.460850207032,2584.756191087914
439,0,1,3,0,5,1,2,17.869153,21.81145,84.2083,7.583864,19.739144572014773,1174.589581867542,1900.8050518278362
440,0,1,3,0,6,0,2,21.080847,25.2523,75.5833,7.417168,36.42335973292572,1389.0487620910237,3184.7520226444794
441,0,1,3,0,0,0,2,19.3725,23.2,81.0,8.501161,32.23993117522535,1137.3018084027924,2473.4234843174054
442,0,1,3,0,1,1,1,22.345,26.64105,72.875,10.875239,24.321990640981856,1509.5585286377698,2570.3182940247825
443,0,1,3,0,2,1,1,22.994153,26.92665,80.7917,8.125157,24.9117821253897,1478.0226376989715,2548.085766235296
444,1,1,3,0,3,1,2,21.798347,25.6629,82.125,6.0004061,25.49148875343988,1494.173698899877,2598.8139298683486
445,1,1,3,0,4,1,1,22.720847,26.57835,83.125,7.876654,27.084633767702915,1598.3393659603796,2834.5251733397495
446,1,1,3,0,5,1,2,24.668347,28.50335,69.4167,7.7921,33.503270826270615,1683.769296021873,3373.5525613744185
447,1,1,3,0,6,0,2,20.6025,24.33665,88.5417,12.916461,24.760554708315045,777.7260527543231,1507.9675993945343
448,1,1,3,0,0,0,2,17.9375,21.8744,88.0833,14.791925,28.42198021121308,1079.9989431973872,2136.896797897938
449,1,1,3,0,1,1,1,18.279153,21.9375,47.7917,12.125325,22.565160043746044,1409.3553590378424,2348.709566332367
450,1,1,3,0,2,1,1,13.256653,15.7827,29.0,12.541864,19.514527201180098,1361.7156785254354,2177.0463375158547
451,1,1,3,0,3,1,1,19.850847,23.5475,48.125,19.541957,21.27046662993764,1473.6117648296447,2401.085895666382
452,1,1,3,0,4,1,1,20.260847,24.1152,43.9167,21.41655,22.953347596990593,1540.721903024544,2562.910205795583
453,1,1,3,0,5,1,2,15.17,18.78105,58.0833,9.250489,22.575275355986328,1384.5833909927733,2311.5814645774994
454,1,1,3,0,6,0,2,17.390847,21.0854,73.8333,16.791339,32.704498267534206,1201.190307262746,2600.6629043800426
455,1,1,4,0,0,0,2,17.459153,20.86435,67.625,11.541889,32.92709295102222,1139.6231784593715,2528.7974110584296
456,1,1,4,0,1,1,1,17.790433,21.37565,50.4348,20.913313,26.160811910093877,1400.6950224162147,2489.791929787718
457,1,1,4,0,2,1,1,19.133347,23.07415,39.6667,6.708911,27.183518099865907,1571.035222275948,2798.2899035012783
458,1,1,4,0,3,1,1,22.208347,26.6725,46.9583,12.125325,24.970111695252918,1559.8934642657418,2674.8534903162804
459,1,1,4,0,4,1,1,17.835,21.55815,37.4167,14.708443,26.03882734820673,1532.4563662400326,2682.5893919411847
460,1,1,4,0,5,1,1,16.536653,19.53835,37.7083,20.125996,30.094815653023783,1382.1014008615925,2683.694286708656
461,1,1,4,0,6,0,1,17.9375,21.30645,25.4167,18.416357,36.7997775228126,1116.6259770315996,2829.4046216192087
462,1,1,4,0,0,0,1,20.5,24.62125,27.5833,15.583932,32.35484071146578,941.3488041138488,2202.374806608139
463,1,1,4,0,1,1,1,20.055847,23.8319,31.75,23.999132,23.62913328272585,1388.8007603336036,2358.8222943213736
464,1,1,4,0,2,1,1,18.313347,21.81165,43.5,16.708125,22.805553072141805,1491.9733183245205,2483.0974229988747
465,1,1,4,0,3,1,1,14.296536,16.8637,46.9565,19.783358,18.838101627313304,1313.995336925589,2086.0024477138295
466,1,1,4,0,4,1,1,16.2975,19.3802,46.625,19.458743,21.145056629380793,1405.1502259717029,2292.800827878857
467,1,1,4,0,5,1,1,18.1425,21.5904,40.8333,10.416557,26.490637984525883,1503.4571593362807,2660.847878395636
468,1,1,4,0,6,0,1,20.295,24.3998,50.2917,12.791439,34.95242433355225,1385.0796835865003,3048.9099518060143
469,1,1,4,0,0,0,1,24.873347,28.69375,50.7917,15.083643,35.16844227782097,1290.3844743933196,2929.7722570494425
470,1,1,4,1,1,0,1,27.230847,30.74625,56.1667,19.083543,26.08470277573263,1509.802482039078,2650.521894933591
471,1,1,4,0,2,1,1,24.941653,29.92435,39.0417,18.333143,24.383099323185924,1638.0439775701461,2768.598010346244
472,1,1,4,0,3,1,2,18.996653,22.8519,56.9167,11.250104,16.688844923276605,1223.0994489280145,1896.5697973474184
473,1,1,4,0,4,1,1,20.431653,24.6523,61.25,4.4172564,23.070272263845283,1642.123900375827,2722.3290140324916
474,1,1,4,0,5,1,1,21.593347,25.78875,69.4583,10.041357,27.127099747302395,1697.3674011888054,2987.23790943997
475,1,1,4,0,6,0,1,23.37,27.14605,68.2917,19.000329,33.83417044797426,1239.1000703934594,2744.0071257810414
476,1,1,4,0,0,0,3,16.263347,19.4752,83.5417,23.084582,11.076034853721117,351.94557169304267,525.1126085810565
477,1,1,4,0,1,1,2,13.188347,15.05625,76.6667,20.334232,13.413129686804043,962.7245367827899,1445.1373190382199
478,1,1,4,0,2,1,1,16.946653,20.26415,45.4167,16.708661,19.339400479441093,1495.8846637908866,2376.7867565293045
479,1,1,4,0,3,1,1,19.543347,23.51585,42.7917,7.959064,21.052947610251845,1599.3041894161581,2586.2364146157165
480,1,1,4,0,4,1,2,20.431653,24.17915,75.6667,11.833875,18.737659407525854,1356.7344327789174,2148.2696288206885
481,1,1,4,0,5,1,1,18.7575,22.63185,40.0833,23.291411,24.598946471932145,1521.259544051545,2599.9233348408457
482,1,1,4,0,6,0,2,15.443347,18.8752,48.9583,8.708325,25.47550963067842,984.2724613008353,1839.8534341169975
483,1,1,4,0,0,0,1,18.791653,22.50605,58.7083,7.832836,32.34986163739344,1237.0705157154268,2626.161579223035
484,1,1,4,0,1,1,2,19.030847,22.8848,57.0,11.499746,21.167964329490268,1444.8770262715873,2353.95389954909
485,1,1,5,0,2,1,2,25.146653,28.85105,65.9583,10.458432,21.029799569692006,1489.038480432397,2416.770078860266
486,1,1,5,0,3,1,1,23.130847,26.8948,79.7083,9.249886,21.190824693205215,1589.8922444685409,2576.242790564523
487,1,1,5,0,4,1,2,22.96,26.8621,76.8333,8.957632,22.247148230658432,1627.2344738044228,2669.326087078199
488,1,1,5,0,5,1,1,25.7275,29.54585,73.5417,10.916846,25.061238508488632,1523.2079832487318,2623.2068460474084
489,1,1,5,0,6,0,2,25.488347,29.2304,75.6667,10.250464,33.628126344135325,1315.750227941076,2838.913272218286
490,1,1,5,0,0,0,2,23.0625,27.33685,74.0,10.041893,31.87480202668813,1274.7646415564818,2646.4638457419696
491,1,1,5,0,1,1,2,22.0375,26.3571,66.4167,15.458307,24.547479911540727,1532.4563662400326,2614.709604809514
492,1,1,5,0,2,1,2,23.848347,27.87355,68.5833,19.833943,21.973512618913848,1465.2729913412295,2412.290221065141
493,1,1,5,0,3,1,2,23.575,27.65125,74.4167,14.499604,20.640614535393613,1242.6502135387661,2030.7498381115524
494,1,1,5,0,4,1,1,20.739153,24.58915,55.2083,21.042221,24.70125456902106,1600.5100571617136,2724.902149401419
495,1,1,5,0,5,1,1,21.866653,26.04165,36.0417,15.874779,26.97789098897785,1640.2041863130057,2892.5973104594063
496,1,1,5,0,6,0,1,23.130847,27.24085,48.0417,8.249911,34.19881237702311,1420.2277626947325,3037.67590738568
497,1,1,5,0,0,0,1,25.1125,29.2619,57.625,15.082839,32.06347789586011,1204.2521036160817,2557.3523348107865
498,1,1,5,0,1,1,2,23.506653,27.495,78.9583,14.250364,16.598909600257397,822.5231542962496,1296.1822676802797
499,1,1,5,0,2,1,2,25.078347,28.8202,79.4583,9.875264,20.70048331921915,1341.5192399209775,2181.9637627526877
500,1,1,5,0,3,1,1,26.103347,29.79875,69.7917,8.208304,24.40050428477717,1811.7544146088362,3035.863465420529
501,1,1,5,0,4,1,1,24.326653,28.63065,52.0,15.374825,26.41638624261,1743.0149095856677,3021.3589175161947
502,1,1,5,0,5,1,1,23.130847,27.55605,52.3333,9.166739,28.350909517968855,1737.321990811202,3113.674328045316
503,1,1,5,0,6,0,1,24.6,28.3454,45.625,5.626325,37.39671052696428,1439.2150941345078,3349.2227821246806
504,1,1,5,0,0,0,1,25.454153,29.19835,53.0417,17.042589,34.560147535840194,1325.2687410980934,2928.6797443186283
505,1,1,5,0,1,1,2,24.531653,28.28335,81.125,15.624668,20.760023587497308,1148.6418842005094,1893.4888494561474
506,1,1,5,0,2,1,2,25.215,29.04125,76.5833,7.917189,22.805553072141805,1529.7803387215213,2540.6693947801523
507,1,1,5,0,3,1,2,25.488347,29.2306,77.4583,6.834,22.267930221589673,1342.5179976598067,2236.716443427122
508,1,1,5,0,4,1,1,26.855,30.335,71.6667,11.584032,24.978422803040612,1640.2041863130057,2797.557259102222
509,1,1,5,0,5,1,1,27.88,31.37645,74.7083,9.41685,27.66082179810581,1545.0942308058843,2784.365438103982
510,1,1,5,0,6,0,1,28.3925,32.1348,73.25,13.332464,35.20628611500822,1136.2697882246957,2711.6655496899843
511,1,1,5,0,0,0,1,28.29,32.07125,69.7083,14.416457,36.91844563898211,1039.1872526690424,2731.884802187654
512,1,1,5,1,1,0,1,29.2125,33.965,67.625,13.166907,33.90682554992573,1085.729758200896,2529.5396194332034
513,1,1,5,0,2,1,1,29.6225,33.6496,68.4583,19.7918,23.395481867885813,1434.0416610998639,2417.8898766208536
514,1,1,5,0,3,1,2,26.923347,30.55645,67.0,9.000043,22.04782764273909,1735.4235329992198,2828.673017114084
515,1,1,5,0,4,1,1,27.88,31.56645,49.2917,13.083693,25.3146284579597,1765.7500606528345,3004.6676212819784
516,1,1,6,0,5,1,2,26.820847,30.3981,75.5417,15.916721,19.541207179124484,1113.7771630546602,1803.8557877969845
517,1,1,6,0,6,0,1,23.916653,28.3144,54.9167,12.499654,34.95242433355225,1547.036703357085,3286.8632176226583
518,1,1,6,0,0,0,1,24.7025,28.75665,49.3333,12.333829,33.61890973357681,1503.7013078575874,3114.396969124662
519,1,1,6,0,1,1,1,24.4975,28.91415,48.7083,19.083811,25.077737645991387,1691.883044475699,2880.9219629144122
520,1,1,6,0,2,1,2,22.174153,26.2946,61.3333,14.041525,24.198868608451622,1717.1298118325444,2882.016784552552
521,1,1,6,0,3,1,1,22.720847,27.1146,61.125,5.167375,24.709743019528393,1715.94058068144,2901.7144650845325
522,1,1,6,0,4,1,1,24.7025,28.4721,56.7083,10.54245,24.80274294696482,1817.165278905218,3061.2250526527255
523,1,1,6,0,5,1,1,26.615847,29.8931,46.7917,11.750661,28.135553480540658,1768.1149721566517,3148.6977260735953
524,1,1,6,0,6,0,1,29.144153,32.41835,43.7083,9.667229,34.57757972038729,1416.0290158240853,3062.6734693077397
525,1,1,6,0,0,0,1,29.793347,33.17585,53.8333,8.959307,32.324943194818445,1312.490776321712,2734.456780475094
526,1,1,6,0,1,1,2,29.554153,32.98605,58.7917,13.916771,24.62460123505955,1624.8304386319658,2758.6916391518844
527,1,1,6,0,2,1,2,26.786653,29.89375,83.3333,14.374582,18.7664604919159,1342.7676641735025,2127.792935495511
528,1,1,6,0,3,1,1,26.889153,30.55585,58.2083,22.999693,25.892499050187762,1768.1149721566517,3034.7759335361143
529,1,1,6,0,4,1,1,26.581653,31.21915,56.9583,17.000111,25.9465978400667,1752.7318339153996,3013.740451028739
530,1,1,6,0,5,1,1,26.205847,29.9877,58.9583,11.833339,28.620400318031457,1733.524665037237,3123.0669841356007
531,1,1,6,0,6,0,1,25.898347,29.7354,50.4167,11.166689,35.65414071945312,1403.4179786502327,3136.427206678244
532,1,1,6,0,0,0,1,24.2925,28.59875,59.875,9.708568,34.252171664383866,1304.9628541684447,2873.621785118901
533,1,1,6,0,1,1,2,23.301653,27.2421,77.7917,11.707982,21.029799569692006,1330.523181721662,2175.9113446058113
534,1,1,6,0,2,1,1,28.221653,32.7346,69.0,9.917139,24.198868608451622,1675.1698448084117,2817.6960287700217
535,1,1,6,0,3,1,1,32.0825,36.04875,59.2083,7.625404,23.319750192542735,1550.4348724284484,2591.7862845253276
536,2,1,6,0,4,1,1,33.039153,37.6271,56.7917,7.958729,22.3918448398277,1498.8168481337605,2478.2610598597144
537,2,1,6,0,5,1,1,31.8775,36.20605,57.375,12.250414,24.163466118090938,1433.055827802298,2447.726704499468
538,2,1,6,0,6,0,1,29.998347,32.6396,53.4583,12.041307,34.35397811153608,1418.7461322147783,3048.185335364893
539,2,1,6,0,0,0,1,30.476653,33.7127,47.9167,9.750175,33.879616628478686,1303.9584842821384,2841.838187512224
540,2,1,6,0,1,1,1,29.349153,32.7021,50.4167,20.125661,25.626526703614285,1623.1471961231794,2800.8539649521535
541,2,1,6,0,2,1,1,25.864153,29.7352,37.3333,23.292014,25.12710825887398,1795.7383523921387,3042.387606800263
542,2,1,6,0,3,1,1,28.5975,32.0396,36.0,18.208925,25.12710825887398,1770.479259260771,3003.5786454331346
543,2,1,6,0,4,1,1,30.715847,33.7756,42.25,11.50055,23.776349287746303,1699.274183104504,2837.4506694464703
544,2,1,6,0,5,1,1,34.200847,39.33065,48.875,11.082939,22.904287393336155,1377.3831927859126,2313.0830672377965
545,2,1,6,0,6,0,1,31.365,34.3754,60.125,10.791757,27.916886998988147,1276.7822183316355,2396.975961770567
546,2,1,7,0,0,0,1,33.449153,37.53145,51.875,11.291443,27.68799680573291,1245.94498321024,2338.591243533082
547,2,1,7,0,1,1,1,32.048347,35.1019,44.7083,13.082889,23.619873036173338,1546.5511303846492,2597.70446407043
548,2,1,7,0,2,1,1,32.014153,35.1325,49.2083,8.457879,24.920131247830643,1615.447975846985,2757.2236403632055
549,2,1,7,1,3,0,1,32.355847,36.61685,53.875,9.04165,33.92946612672132,1428.6179190491405,3028.2496902525954
550,2,1,7,0,4,1,1,33.9275,38.06835,45.7917,12.999943,27.57897888865059,1427.3846838196703,2602.881450979971
551,2,1,7,0,5,1,1,33.961653,37.62665,45.0833,9.791514,27.309622582638667,1428.6179190491405,2590.30646857685
552,2,1,7,0,6,0,1,35.328347,40.24565,49.2083,10.958118,27.87006565125508,1061.2013033826076,2077.6315017467978
553,2,1,7,0,0,0,1,33.7225,39.5198,57.375,8.417143,26.12281173504856,1081.301927128722,2013.5633935255503
554,2,1,7,0,1,1,2,29.144153,32.7027,68.3333,12.125325,24.461232065389975,1606.5367093844163,2723.7994153289505
555,2,1,7,0,2,1,2,29.554153,33.2398,66.75,10.166379,24.0745156716324,1549.7068172300449,2620.9905156591135
556,2,1,7,0,3,1,1,29.383347,32.51355,63.3333,10.166111,24.260581618875033,1777.8045937568356,2977.7913639163116
557,2,1,7,0,4,1,1,29.349153,32.73415,52.9583,9.833925,24.752100215488632,1807.282162679795,3043.8371718733947
558,2,1,7,0,5,1,2,29.998347,33.39665,48.5833,5.41695,28.285992374238177,1706.4208589743646,3063.0355597238186
559,2,1,7,0,6,0,2,28.836653,33.3021,69.9167,9.626493,32.96549803081797,1372.4132084172898,2870.3359282380666
560,2,1,7,0,0,0,1,30.579153,35.2598,71.7917,11.166689,30.73141732555984,1246.1983557518256,2525.0859493192147
561,2,1,7,0,1,1,1,31.296653,36.20625,64.5,11.000529,25.217131935362787,1647.6406131732897,2819.5259076931798
562,2,1,7,0,2,1,1,33.551653,37.78415,50.5833,7.666743,23.776349287746303,1677.0815857842251,2803.4177249738555
563,2,1,7,0,3,1,1,32.526653,37.27915,57.7083,9.208614,22.60556894823919,1446.599353169796,2406.6888957083565
564,2,1,7,0,4,1,1,31.57,35.7321,60.0417,11.083743,23.470741491686198,1638.2840285284865,2731.884802187654
565,2,1,7,0,5,1,2,27.299153,30.65125,84.4167,14.000789,22.06897224785361,1497.8395792904087,2465.2340476694685
566,2,1,7,0,6,0,3,24.429153,27.4956,86.5417,14.2911,26.57920359220883,1009.4268008540256,1931.954842171763
567,2,1,7,0,0,0,2,27.3675,31.15625,76.25,6.2926936,33.84781719869342,1434.7809482760283,3030.7878881936194
568,2,1,7,0,1,1,1,30.408347,34.50085,69.4167,9.291761,25.594878439170266,1668.9537074321004,2869.240535273679
569,2,1,7,0,2,1,1,30.784153,35.3225,65.5,14.167418,25.634426822164684,1816.2244877892135,3096.6860478629487
570,2,1,7,0,3,1,1,29.690847,32.7027,45.0,11.0416,27.42767611838279,1895.3886332357795,3305.8737647886924
571,2,1,7,0,4,1,1,31.843347,36.96315,59.6667,19.082471,24.785884459991365,1667.518565402314,2830.867757752693
572,2,1,7,0,5,1,1,32.048347,36.71085,59.4583,10.250464,26.54237183905966,1624.3495473465093,2846.5903505785095
573,2,1,7,0,6,0,1,30.989153,34.8802,61.3333,10.54245,32.37474166505126,1331.7736348755986,2766.396988480315
574,2,1,7,0,0,0,1,29.588347,33.39665,62.375,11.416532,31.96686882384164,1330.0229355071924,2734.0893740336487
575,2,1,7,0,1,1,1,29.964153,34.24935,66.875,10.292339,24.819579107604213,1724.7370475153707,2919.9377559689638
576,2,1,7,0,2,1,1,29.246653,33.1448,70.4167,11.083475,24.198868608451622,1768.1149721566517,2960.341460211376
577,2,1,8,0,3,1,1,29.4175,33.3654,67.75,9.458993,25.102446665060327,1828.9170763567886,3092.346698340831
578,2,1,8,0,4,1,1,30.8525,35.3544,65.9583,8.666718,24.330738756661983,1775.2059649148073,2976.701130413557
579,2,1,8,0,5,1,2,31.399153,36.14335,64.25,14.458064,27.042036215941554,1672.7795626076309,2945.425868630247
580,2,1,8,0,6,0,1,32.526653,37.56335,61.3333,17.249686,32.91747761658201,1338.7718986980408,2817.330034673022
581,2,1,8,0,0,0,1,31.535847,36.55395,65.25,19.458207,29.50819368277907,1155.8467937442877,2313.4584483403787
582,2,1,8,0,1,1,2,30.8525,35.5123,65.4167,8.666718,26.349207290733414,1656.7472051855113,2886.395537233646
583,2,1,8,0,2,1,2,30.169153,34.88105,70.375,7.832836,26.681802238340037,1708.087565762408,2981.0617569404003
584,2,1,8,0,3,1,2,30.75,35.38585,67.2917,7.4169,26.571845268677766,1773.5519009293623,3075.705266716855
585,2,1,8,0,4,1,1,30.989153,34.9754,62.0417,10.4587,26.069428560801942,1730.6755926920225,2985.7848447502224
586,2,1,8,0,5,1,2,29.349153,33.3971,71.5833,16.000471,25.028176432676553,1398.9616879613686,2433.933011695875
587,2,1,8,0,6,0,2,28.3925,31.91335,73.2917,13.834093,32.43925099318194,1231.2318784197676,2624.3149210521515
588,2,1,8,0,0,0,1,28.734153,32.22895,53.0417,8.208304,32.1140914645616,1309.4806329271344,2714.6077320768018
589,2,1,8,0,1,1,1,29.554153,33.1127,54.5417,9.126204,26.153220541278685,1631.8002104814784,2838.913272218286
590,2,1,8,0,2,1,1,29.793347,33.83895,68.6667,11.333586,25.53930888594314,1626.9941018574152,2802.6852528483814
591,2,1,8,0,3,1,1,28.973347,32.70185,61.9583,11.374657,26.08470277573263,1744.6746523700274,3007.934244795263
592,2,1,8,0,4,1,1,29.485847,32.7344,51.9167,9.500332,27.112958978368034,1772.6065847533998,3101.3861287348004
593,2,1,8,0,5,1,1,29.656653,12.12,57.0833,15.500718,28.1026380523727,1629.1571971304986,2935.5981085677136
594,2,1,8,0,6,0,1,27.811653,30.90355,60.3333,11.917089,35.088278596241295,1477.0426685619361,3195.1979438673784
595,2,1,8,0,0,0,2,26.069153,30.1777,71.1667,5.79215,26.160811910093877,1047.8465025406092,1966.4902901437915
596,2,1,8,0,1,1,2,26.069153,29.79835,73.4167,8.708593,24.70125456902106,1590.3751754535604,2709.458643840724
597,2,1,8,0,2,1,1,26.615847,30.05125,67.375,4.8756436,25.159916996099998,1691.4059781276394,2883.841368600668
598,2,1,8,0,3,1,1,27.3675,31.0927,67.7083,4.7089811,25.265972139737382,1775.91475631823,3018.0941629224353
599,2,1,8,0,4,1,1,28.529153,31.8504,63.5833,5.6679186,27.288684865354206,1804.4564565484588,3159.158905299629
600,2,1,8,0,5,1,2,28.8025,32.355,61.5,4.8337686,27.020687786953566,1770.2428586151912,3093.069977544394
601,2,1,8,0,6,0,2,27.128347,30.9348,71.2917,16.375336,30.22085947493377,1274.7646415564818,2533.2502420089545
602,2,1,8,0,0,0,2,26.786653,29.7998,84.5833,15.333486,28.1026380523727,1159.70291981073,2234.8313067985787
603,2,1,8,0,1,1,1,28.836653,32.7344,73.0417,8.625111,24.383099323185924,1692.1215676895456,2851.3414949653898
604,2,1,8,0,2,1,1,29.861653,33.3025,62.0,12.791975,23.903727107194022,1734.2367886271638,2896.2446145525996
605,2,1,8,0,3,1,1,28.085,31.78665,55.2083,7.541654,25.923439746275267,1832.2049053770183,3134.6221989692453
606,2,1,8,0,4,1,1,28.973347,32.63895,59.0417,5.1668189,25.884752540410414,1837.1344662803056,3140.3977541802274
607,2,1,8,0,5,1,1,31.330847,34.47,58.75,11.291711,27.76920745153941,1689.4974469388342,3009.0230180321187
608,2,1,9,0,6,0,2,30.886653,35.1327,63.8333,7.583529,32.95110665659351,1163.81333354325,2565.5033490936953
609,2,1,9,0,0,0,2,28.563347,32.45,81.5,4.2927436,34.15868258320773,1009.9550276977674,2442.8814122385415
610,2,1,9,1,1,0,1,29.0075,33.08145,79.0833,10.125107,30.977756760975808,1235.5479183207653,2526.1994613580932
611,2,1,9,0,2,1,1,29.759153,34.3444,75.5,15.833507,23.272174931155483,1708.5637087144437,2831.9650461166775
612,2,1,9,0,3,1,1,30.203347,35.44915,74.125,12.583136,22.933747855818122,1775.678498724415,2922.4878493736032
613,2,1,9,0,4,1,2,28.563347,32.76645,81.0417,9.542207,20.532008489728483,1611.595649327462,2588.8265440478813
614,2,1,9,0,5,1,1,28.836653,32.8602,73.625,11.500282,24.8615723058144,1817.8708091306657,3064.845929358963
615,2,1,9,0,6,0,2,27.025847,30.55605,79.9167,18.833968,28.582209054077072,1323.7667173880589,2504.6603494508486
616,2,1,9,0,0,0,1,25.01,28.94625,54.75,15.041232,33.965627922094676,1627.2344738044228,3325.228571802901
617,2,1,9,0,1,1,1,23.916653,28.2827,50.375,17.333771,25.459510870448643,1805.6339402076428,3072.4479833253667
618,2,1,9,0,2,1,1,23.6775,27.7146,52.0,6.1676314,25.069490728614646,1873.6729852021608,3159.8802017931393
619,2,1,9,0,3,1,1,24.565847,28.50375,57.7083,8.833682,24.903427537398773,1902.3831868991153,3196.9985211384587
620,2,1,9,0,4,1,1,25.1125,28.9779,63.7083,5.5422936,24.93681313110365,1886.0546229389045,3173.220379027742
621,2,1,9,0,5,1,1,25.966653,29.70415,67.25,6.958821,27.399988997135072,1857.9975556055515,3247.0027585289845
622,2,1,9,0,6,0,1,24.941653,29.29335,50.1667,16.583907,36.44295582368335,1602.4390725830533,3499.139444584519
623,2,1,9,0,0,0,1,23.78,28.15625,57.0,6.0422811,32.03303278122349,1508.5826371781473,3002.8526333627296
624,2,1,9,0,1,1,2,23.814153,27.6525,73.4583,10.166714,24.667243751090826,1672.7795626076309,2833.793738733314
625,2,1,9,0,2,1,2,25.556653,28.25335,87.25,23.958329,17.108551782074017,1141.6858352268096,1782.911637773685
626,2,1,9,0,3,1,1,22.6525,27.0202,53.6667,14.416725,22.494106672360417,1898.420231185996,3096.3244652453905
627,2,1,9,0,4,1,1,22.413347,26.6096,61.8333,7.917189,23.939879615299713,1893.289273724345,3142.9241305099663
628,2,1,9,0,5,1,1,24.565847,28.59855,66.875,10.333343,26.475820354972843,1924.9643130936963,3303.722333548264
629,2,1,9,0,6,0,1,26.65,30.5244,64.6667,19.000061,33.70167699587485,1681.381431180975,3385.351532733637
630,3,1,9,0,0,0,1,21.695847,25.94665,46.7083,14.958286,33.433500450638896,1578.0513576535463,3210.3187512101686
631,3,1,9,0,1,1,1,21.080847,25.12565,49.2917,9.541068,24.48716858907611,1812.2250510981335,3040.2130928432193
632,3,1,9,0,2,1,1,22.55,27.20895,57.0,15.833507,23.060572275179137,1872.7378673027752,3077.1528059951634
633,3,1,9,0,3,1,1,26.035,29.83065,63.0833,16.3748,22.483920795639833,1931.7051994773674,3147.615280548314
634,3,1,9,0,4,1,2,26.65,30.39875,69.0833,9.000914,22.111144929528436,1860.8070092653018,3024.623219085913
635,3,1,9,0,5,1,2,25.385847,29.29315,69.0,10.999993,24.8615723058144,1796.9169621656358,3032.600719575143
636,3,1,9,0,6,0,1,22.2425,26.5148,54.2917,15.249468,34.05120297003666,1701.1805426546382,3442.4842295915546
637,3,1,9,0,0,0,1,21.593347,25.88315,58.3333,9.042186,31.246958048252107,1436.7520132746877,2841.1069949503917
638,3,1,10,0,1,1,2,21.354153,25.6,64.9167,6.0838814,22.23674320123708,1712.8478175944072,2800.487688922109
639,3,1,10,0,2,1,3,24.224153,27.11665,87.1667,6.999825,16.09695195511669,1299.9394757281445,2000.9480271262305
640,3,1,10,0,3,1,2,26.9575,29.95665,79.375,4.4585686,21.866502587988613,1907.975174998537,3089.4533641809526
641,3,1,10,0,4,1,2,26.9575,30.39875,72.2917,7.875582,23.498843615826907,1812.6956634549583,3001.0375045376877
642,3,1,10,0,5,1,1,25.215,29.00935,62.75,7.12545,28.318487761089763,1860.3388251827332,3299.777575429465
643,3,1,10,0,6,0,1,22.720847,26.92605,66.4167,17.957675,35.93039055237249,1451.518059264022,3231.1848482697333
644,3,1,10,0,0,0,2,17.049153,20.99065,70.8333,9.457854,22.422617844087025,884.7714985847869,1562.5704842587056
645,3,1,10,1,1,0,2,15.716653,19.3804,70.9583,12.708493,23.338727764136053,1369.9268840149061,2318.7129632112947
646,3,1,10,0,2,1,2,18.313347,21.9056,76.1667,12.7501,20.410036806996043,1659.3814780464927,2658.635601536875
647,3,1,10,0,3,1,1,21.080847,25.1571,63.0833,12.584007,22.412369223523484,1923.5690653423183,3132.4560134849567
648,3,1,10,0,4,1,1,17.835,21.55835,46.3333,12.166932,22.953347596990593,1882.7855655293943,3088.729976272616
649,3,1,10,0,5,1,1,17.9375,21.65355,53.9167,15.751164,24.986728514783138,1761.964900582853,2984.3316892325784
650,3,1,10,0,6,0,1,16.126653,19.5698,49.4583,9.791514,32.46399392152524,1432.562860947714,2921.394987208395
651,3,1,10,0,0,0,1,21.388347,25.4102,64.0417,18.667004,31.590136415848388,1358.7273636007399,2749.5149981896384
652,3,1,10,0,1,1,2,23.028347,26.9575,70.75,19.834479,22.20547172828547,1495.8846637908866,2467.0955896677974
653,3,1,10,0,2,1,1,19.201653,23.0423,55.8333,12.208807,23.78549169535159,1853.781801297107,3075.705266716855
654,3,1,10,0,3,1,1,18.689153,22.5054,69.2917,6.791857,24.295709476094107,1823.278080251745,3049.27225173197
655,3,1,10,0,4,1,2,21.4225,25.63125,72.8333,15.874779,24.547479911540727,1827.742568925406,3066.656161660166
656,3,1,10,0,5,1,2,23.096653,26.8948,81.5,9.041918,22.13217335515326,1386.568350818547,2298.437086164237
657,3,1,10,0,6,0,1,19.850847,23.6421,57.2917,7.874979,34.99924433427182,1537.0764245893806,3276.0962732221224
658,3,1,10,0,0,0,1,19.030847,22.82145,51.0,11.125618,31.859405711326442,1391.7762050035176,2817.330034673022
659,3,1,10,0,1,1,1,19.9875,24.1471,56.8333,5.4593811,22.914115682910097,1763.3845235830609,2902.808276218142
660,3,1,10,0,2,1,1,22.310847,26.5152,64.1667,6.3345686,23.021693177184783,1856.8267023719823,3051.083668448761
661,3,1,10,0,3,1,1,24.0875,27.93605,63.625,4.8762064,22.565160043746044,1920.5453426264735,3133.178096683967
662,3,1,10,0,4,1,2,22.55,26.4844,80.0417,8.333125,23.34820535085994,1823.748127997351,3012.2890342621345
663,3,1,10,0,5,1,2,22.379153,26.1375,80.7083,8.875289,25.962014081259547,1771.4247995309772,3043.112400422227
664,3,1,10,0,6,0,2,21.73,25.75665,72.0,15.791364,34.29208150790856,1518.823301920067,3190.51583278157
665,3,1,10,0,0,0,2,19.5775,23.38855,69.4583,12.125325,24.461232065389975,1079.2170039118016,1931.954842171763
666,3,1,10,0,1,1,3,18.04,21.97,88.0,23.9994,0.77386542450115,13.413580847402942,16.332828258402976
667,3,1,10,0,2,1,2,13.045462,15.49545,82.5455,14.271603,9.712008090554807,384.81236719858185,556.3262486352226
668,3,1,10,0,3,1,2,14.6575,18.055,66.6667,11.166689,17.894959624667663,1503.7013078575874,2351.706512090666
669,3,1,11,0,4,1,2,14.999153,18.4971,58.1667,10.542182,18.607012194336203,1594.2375821111516,2508.3756812793836
670,3,1,11,0,5,1,1,14.555,17.8021,52.2083,17.833725,20.616574036363005,1523.6950161475236,2456.668626456552
671,3,1,11,0,6,0,2,14.076653,16.1923,49.125,18.125443,24.72670288131952,1245.6916004974498,2190.6603400389413
672,3,1,11,0,0,0,1,13.359153,16.4769,53.2917,12.000236,26.107581248216785,1194.0401124347468,2178.9378235421304
673,3,1,11,0,1,1,1,13.085847,15.40375,49.4167,15.833775,17.227434939264338,1438.4762573173489,2236.3394324292035
674,3,1,11,0,2,1,1,11.514153,14.07835,56.7083,11.625371,18.607012194336203,1521.503125884382,2396.6022865599916
675,3,1,11,0,3,1,2,12.129153,13.73105,54.75,20.375236,16.304894378972723,1395.9892704307642,2151.6799691309775
676,3,1,11,0,4,1,1,14.439134,17.09455,33.3478,23.304945,16.562682229548383,1461.5911433331553,2257.4395288762416
677,3,1,11,0,5,1,1,14.828347,17.77065,54.0833,14.375386,21.660365122360346,1536.8333320352078,2510.604541127465
678,3,1,11,0,6,0,1,15.955847,19.69685,64.5417,3.8756686,31.64227564714752,1330.523181721662,2711.6655496899843
679,3,1,11,0,0,0,1,17.254153,21.08565,65.9167,8.5425,32.65081639940226,1359.4745638651455,2827.575564786203
680,3,1,11,1,1,0,1,19.885,23.76915,74.1667,11.625639,25.290323178427812,1509.802482039078,2613.231461964004
681,3,1,11,0,2,1,2,14.076653,16.16125,66.2917,22.917082,16.32355755891178,1158.4178260515557,1791.0603190336867
682,3,1,11,0,3,1,1,11.855847,14.07815,55.2083,13.374875,17.142674706414564,1497.5952424122631,2325.0913907892177
683,3,1,11,0,4,1,2,13.188347,16.2246,62.0417,10.250129,16.192080315721185,1498.3282294423536,2306.324868041264
684,3,1,11,0,5,1,1,14.145,17.3602,52.4583,11.458675,18.866614970487117,1520.041519347728,2401.085895666382
685,3,1,11,0,6,0,1,13.325,16.31915,54.5417,12.041843,26.934960083565056,1297.9290517395975,2375.2903856595153
686,3,1,11,0,0,0,1,14.0425,16.8873,69.2917,15.250004,23.78549169535159,1153.2746321399395,2012.4169622925676
687,3,1,11,0,1,1,2,15.614153,18.78105,62.3333,15.749489,18.355419959790797,1479.982191315118,2326.5918705386566
688,3,1,11,0,2,1,2,15.340847,19.03335,68.5,5.542575,19.55452135311981,1492.2178366785383,2377.1608303408348
689,3,1,11,0,3,1,1,14.486653,18.2446,61.375,6.917482,20.58041275201532,1351.7495740483546,2193.6841966643724
690,3,1,11,1,4,0,1,13.94,17.51855,58.0417,3.5423436,24.083439491491674,527.3227618475489,1125.6596624242472
691,3,1,11,0,5,1,1,15.101653,18.93895,56.875,9.917407,28.8724662121849,768.8176240939184,1719.4974902181682
692,3,1,11,0,6,0,1,11.411653,12.4371,40.4583,25.250357,19.527875813336856,608.693095199424,1064.5037017026793
693,3,1,11,0,0,0,1,10.079153,12.87915,46.8333,10.0835,15.981416967663872,714.9263305162469,1125.2479008672728
694,3,1,11,0,1,1,1,12.846653,16.9502,53.5417,3.12555,16.508065339839053,1406.1398923031409,2171.3706121512246
695,3,1,11,0,2,1,2,11.958347,14.0779,78.6667,15.916654,11.18654214701248,1176.1274499407125,1738.591729651281
696,3,1,11,0,3,1,1,12.163347,14.4881,50.625,14.125007,13.492522771895828,1482.9205618680696,2236.716443427122
697,3,1,11,0,4,1,1,11.51567,14.9211,55.5652,7.739974,14.594890779071381,1487.3259642770088,2260.451756397552
698,3,1,11,0,5,1,1,12.231653,16.19335,64.9583,3.9175436,16.953413106041463,1542.4225434405253,2389.8748518542584
699,3,1,12,0,6,0,2,12.231653,15.8452,80.6667,4.0001814,24.04770555071455,1278.799165958666,2210.683444928258
700,3,1,12,0,0,0,2,14.2475,17.9604,82.3333,8.333393,23.508196527161665,1155.8467937442877,2004.7719411349212
701,3,1,12,0,1,1,1,18.5525,22.7898,76.75,5.5422936,19.83024151966261,1632.5208855815522,2600.2931229872197
702,3,1,12,0,2,1,1,19.509153,23.4527,73.375,11.666643,19.778283550377676,1722.3604993246422,2737.3958038610476
703,3,1,12,0,3,1,1,17.971653,21.4006,48.5,21.709407,16.39782015107092,1564.739631016393,2412.6635833310165
704,3,1,12,0,4,1,1,10.489153,12.9102,50.875,11.708518,16.562682229548383,1476.307607467971,2280.0187110634843
705,3,1,12,0,5,1,2,13.154153,16.0979,76.4167,8.7502,16.724569505994513,1383.59070042553,2141.4468607187077
706,3,1,12,0,6,0,2,15.648347,19.4754,91.125,6.792393,25.73669730813477,1326.2699035503056,2357.698933225936
707,3,1,12,0,0,0,2,15.750847,19.5073,90.5417,10.584325,18.234752298151058,900.4672149626483,1450.7185220852712
708,3,1,12,0,1,1,2,17.869153,21.77875,92.5,12.750636,16.360766479833238,1428.6179190491405,2202.752559208811
709,3,1,12,0,2,1,2,14.486653,16.91815,59.6667,19.834479,15.441504255893323,1521.259544051545,2327.3420638088364
710,3,1,12,0,3,1,2,12.1975,14.8669,53.8333,10.916779,16.00077930607412,1469.9340456095597,2258.9457071143247
711,3,1,12,0,4,1,1,12.129153,14.7094,48.5833,11.666643,17.988824134122748,1493.9292437758659,2338.9660963537476
712,3,1,12,0,5,1,1,11.548347,14.7096,64.2917,8.792343,18.050895232968436,1512.2415883348688,2368.555217121963
713,3,1,12,0,6,0,1,13.290847,16.91915,65.0417,7.12545,22.27830722432233,1288.8745150701907,2156.2260102593837
714,3,1,12,0,0,0,2,14.8625,18.4969,83.875,6.749714,19.60760721314577,1023.4065010009393,1671.054694122046
715,3,1,12,0,1,1,2,16.126653,20.075,90.7083,6.5833061,13.852465404533469,1312.239983127003,1980.282614748161
716,3,1,12,0,2,1,1,16.844153,20.4854,66.625,14.834068,18.11256954035676,1498.0839082998434,2348.3349135930102
717,3,1,12,0,3,1,1,13.6325,17.1081,62.5417,12.334164,16.434720152611323,1451.518059264022,2239.355292016968
718,3,1,12,0,4,1,2,13.53,16.76085,66.7917,8.875021,16.077801865580316,1170.4866548665575,1804.2433469849439
719,0,1,12,0,5,1,2,13.393347,15.08835,55.6667,25.083661,14.075300062683299,1063.815993558089,1607.0994144815695
720,0,1,12,0,6,0,1,10.899153,11.80565,44.125,12.125325,13.674607891314325,549.4484759392202,842.3592589271086
721,0,1,12,0,0,0,1,10.079153,12.97355,51.5417,8.916561,17.720445174069173,499.8598357636297,858.5790195712273
722,0,1,12,0,1,1,2,9.483464,12.945,79.1304,5.1744368,12.832404849813082,298.7769620138063,476.2275359444199
723,0,1,12,1,2,0,2,11.943464,14.72325,73.4783,11.304642,18.21956326306046,239.46298496961097,518.7507203576068
724,0,1,12,0,3,1,3,9.976653,11.01665,82.3333,21.208582,3.157336502299259,188.89841997520261,247.6727270053228
725,0,1,12,0,4,1,2,10.420847,11.3321,65.2917,23.458911,14.685846444919225,644.0980700165542,996.6221282434354
726,0,1,12,0,5,1,2,10.386653,12.7523,59.0,10.416557,20.925025638650855,808.7494246380501,1397.5839255661942
727,0,1,12,0,6,0,2,10.386653,12.12,75.2917,8.333661,12.387360302178706,439.3430393100543,665.4512538250569
728,0,1,12,0,0,0,1,10.489153,11.585,48.3333,23.500518,16.988115687785964,515.8898594290672,862.4147620974925
729,0,1,12,0,1,1,2,8.849153,11.17435,57.75,10.374682,18.204350466623477,764.0767405308451,1249.9779713122794
